ld re e e e e e e e e e e jindustry,window,meeting_family,up_count,down_count,total,up_rate,down_rate,bias_from_50,direction,涉及的T日,窗口开始,窗口结束,平均涨跌幅_收盘,最大涨跌幅_收盘,最小涨跌幅_收盘,平均涨跌幅_开盘,最大涨跌幅_开盘,最小涨跌幅_开盘,最近一届时间,下一次预计召开时间,预测备注
食品饮料,T-1,中国国际进口博览会,7,0,7,1.0,0.0,0.5,mostly_up,2018-11-05; 2019-11-05; 2020-11-05; 2021-11-05; 2022-11-05; 2023-11-05; 2024-11-05,2018-11-02,2018-11-02,0.025632,0.057189,0.006057,0.020703,0.051822,0.002104,2025-11-05 至 2025-11-10,2026年11-12月,按历届规律推断
医药,T-1,中国国际进口博览会,7,0,7,1.0,0.0,0.5,mostly_up,2018-11-05; 2019-11-05; 2020-11-05; 2021-11-05; 2022-11-05; 2023-11-05; 2024-11-05,2018-11-02,2018-11-02,0.013221,0.04335,0.000183,0.013132,0.025914,-0.005624,2025-11-05 至 2025-11-10,2026年11-12月,按历届规律推断
电子,T-1,中国国际进口博览会,7,0,7,1.0,0.0,0.5,mostly_up,2018-11-05; 2019-11-05; 2020-11-05; 2021-11-05; 2022-11-05; 2023-11-05; 2024-11-05,2018-11-02,2018-11-02,0.020833,0.04895,0.002379,0.01385,0.040718,-0.014565,2025-11-05 至 2025-11-10,2026年11-12月,按历届规律推断
煤炭,T-5,中国国际进口博览会,0,7,7,0.0,1.0,0.5,mostly_down,2018-11-05; 2019-11-05; 2020-11-05; 2021-11-05; 2022-11-05; 2023-11-05; 2024-11-05,2018-10-29,2018-10-29,-0.018983,-0.007309,-0.038832,-0.014099,0.004998,-0.039831,2025-11-05 至 2025-11-10,2026年11-12月,按历届规律推断
消费者服务,T-1,中国国际进口博览会,7,0,7,1.0,0.0,0.5,mostly_up,2018-11-05; 2019-11-05; 2020-11-05; 2021-11-05; 2022-11-05; 2023-11-05; 2024-11-05,2018-11-02,2018-11-02,0.022905,0.06643,0.003147,0.017443,0.042731,-0.011993,2025-11-05 至 2025-11-10,2026年11-12月,按历届规律推断
汽车,T-1,中国国际进口博览会,7,0,7,1.0,0.0,0.5,mostly_up,2018-11-05; 2019-11-05; 2020-11-05; 2021-11-05; 2022-11-05; 2023-11-05; 2024-11-05,2018-11-02,2018-11-02,0.026237,0.038315,0.003918,0.018033,0.045138,0.008358,2025-11-05 至 2025-11-10,2026年11-12月,按历届规律推断
有色金属,T-1,中国国际进口博览会,7,0,7,1.0,0.0,0.5,mostly_up,2018-11-05; 2019-11-05; 2020-11-05; 2021-11-05; 2022-11-05; 2023-11-05; 2024-11-05,2018-11-02,2018-11-02,0.012921,0.043502,0.002304,0.021505,0.056781,-0.01294,2025-11-05 至 2025-11-10,2026年11-12月,按历届规律推断
家电,T-1,中国国际进口博览会,7,0,7,1.0,0.0,0.5,mostly_up,2018-11-05; 2019-11-05; 2020-11-05; 2021-11-05; 2022-11-05; 2023-11-05; 2024-11-05,2018-11-02,2018-11-02,0.021016,0.045942,0.003811,0.020527,0.061544,-0.005468,2025-11-05 至 2025-11-10,2026年11-12月,按历届规律推断
轻工制造,T-1,中国国际进口博览会,7,0,7,1.0,0.0,0.5,mostly_up,2018-11-05; 2019-11-05; 2020-11-05; 2021-11-05; 2022-11-05; 2023-11-05; 2024-11-05,2018-11-02,2018-11-02,0.013431,0.035192,0.001037,0.012621,0.026401,-0.009104,2025-11-05 至 2025-11-10,2026年11-12月,按历届规律推断
基础化工,T-1,中国国际进口博览会,7,0,7,1.0,0.0,0.5,mostly_up,2018-11-05; 2019-11-05; 2020-11-05; 2021-11-05; 2022-11-05; 2023-11-05; 2024-11-05,2018-11-02,2018-11-02,0.013715,0.033273,0.00339,0.012425,0.041881,-0.004458,2025-11-05 至 2025-11-10,2026年11-12月,按历届规律推断
建材,T-1,中国国际进口博览会,7,0,7,1.0,0.0,0.5,mostly_up,2018-11-05; 2019-11-05; 2020-11-05; 2021-11-05; 2022-11-05; 2023-11-05; 2024-11-05,2018-11-02,2018-11-02,0.014441,0.029733,0.002437,0.010863,0.033611,-0.00818,2025-11-05 至 2025-11-10,2026年11-12月,按历届规律推断
食品饮料,T+1,中国国际进口博览会,0,7,7,0.0,1.0,0.5,mostly_down,2018-11-05; 2019-11-05; 2020-11-05; 2021-11-05; 2022-11-05; 2023-11-05; 2024-11-05,2018-11-06,2018-11-06,-0.008628,-0.0036,-0.015449,-0.003285,0.0213,-0.024473,2025-11-05 至 2025-11-10,2026年11-12月,按历届规律推断
医药,T+1,央行货币政策委员会例会,13,1,14,0.9285714285714286,0.07142857142857142,0.4285714285714286,mostly_up,2022-06-24; 2022-09-29; 2022-12-28; 2023-03-30; 2023-06-28; 2023-09-25; 2023-12-27; 2024-03-29; 2024-06-28; 2024-09-26; 2024-12-26; 2025-06-23; 2025-09-23; 2025-12-18,2022-06-27,2022-06-27,0.012567,0.062823,-0.006116,0.017337,0.090961,-6.3e-05,2025-12-18 至 2025-12-18,2026年一季度（约3月末）,每季度一次
有色金属,T+5,中国国际进口博览会,1,6,7,0.14285714285714285,0.8571428571428571,0.35714285714285715,mostly_down,2018-11-05; 2019-11-05; 2020-11-05; 2021-11-05; 2022-11-05; 2023-11-05; 2024-11-05,2018-11-06,2018-11-12,-0.011244,0.008147,-0.036257,-0.002518,0.033457,-0.054695,2025-11-05 至 2025-11-10,2026年11-12月,按历届规律推断
银行,T+1,中国国际进口博览会,1,6,7,0.14285714285714285,0.8571428571428571,0.35714285714285715,mostly_down,2018-11-05; 2019-11-05; 2020-11-05; 2021-11-05; 2022-11-05; 2023-11-05; 2024-11-05,2018-11-06,2018-11-06,-0.00313,0.003394,-0.00891,-0.000755,0.015275,-0.012371,2025-11-05 至 2025-11-10,2026年11-12月,按历届规律推断
银行,T+5,中央经济工作会议,2,12,14,0.14285714285714285,0.8571428571428571,0.35714285714285715,mostly_down,2012-12-15; 2013-12-10; 2014-12-09; 2015-12-18; 2016-12-14; 2017-12-18; 2018-12-19; 2019-12-10; 2020-12-16; 2021-12-08; 2022-12-15; 2023-12-11; 2024-12-10; 2025-12-10,2012-12-18,2012-12-24,-0.01043,0.02901,-0.031092,0.00235,0.07781,-0.038593,2025-12-10 至 2025-12-11,2026年11-12月,按历届规律推断
钢铁,T-5,央行货币政策委员会例会,2,12,14,0.14285714285714285,0.8571428571428571,0.35714285714285715,mostly_down,2022-06-24; 2022-09-29; 2022-12-28; 2023-03-30; 2023-06-28; 2023-09-25; 2023-12-27; 2024-03-29; 2024-06-28; 2024-09-26; 2024-12-26; 2025-06-23; 2025-09-23; 2025-12-18,2022-06-17,2022-06-17,-0.003987,0.018362,-0.015665,-0.003321,0.021113,-0.014964,2025-12-18 至 2025-12-18,2026年一季度（约3月末）,每季度一次
纺织服装,T-5,中国国际进口博览会,1,6,7,0.14285714285714285,0.8571428571428571,0.35714285714285715,mostly_down,2018-11-05; 2019-11-05; 2020-11-05; 2021-11-05; 2022-11-05; 2023-11-05; 2024-11-05,2018-10-29,2018-10-29,-0.006265,0.01885,-0.023636,-0.002424,0.017872,-0.033924,2025-11-05 至 2025-11-10,2026年11-12月,按历届规律推断
电力及公用事业,T+1,中国国际进口博览会,1,6,7,0.14285714285714285,0.8571428571428571,0.35714285714285715,mostly_down,2018-11-05; 2019-11-05; 2020-11-05; 2021-11-05; 2022-11-05; 2023-11-05; 2024-11-05,2018-11-06,2018-11-06,-0.002414,0.005151,-0.006617,-0.00326,0.008102,-0.030811,2025-11-05 至 2025-11-10,2026年11-12月,按历届规律推断
石油石化,T-5,中国国际进口博览会,1,6,7,0.14285714285714285,0.8571428571428571,0.35714285714285715,mostly_down,2018-11-05; 2019-11-05; 2020-11-05; 2021-11-05; 2022-11-05; 2023-11-05; 2024-11-05,2018-10-29,2018-10-29,-0.01214,0.004192,-0.025435,-0.013321,0.008098,-0.046199,2025-11-05 至 2025-11-10,2026年11-12月,按历届规律推断
房地产,T-5,中国国际进口博览会,1,6,7,0.14285714285714285,0.8571428571428571,0.35714285714285715,mostly_down,2018-11-05; 2019-11-05; 2020-11-05; 2021-11-05; 2022-11-05; 2023-11-05; 2024-11-05,2018-10-29,2018-10-29,-0.013887,0.000999,-0.033688,-0.010229,0.014879,-0.049429,2025-11-05 至 2025-11-10,2026年11-12月,按历届规律推断
电力设备及新能源,T+1,中国国际进口博览会,1,6,7,0.14285714285714285,0.8571428571428571,0.35714285714285715,mostly_down,2018-11-05; 2019-11-05; 2020-11-05; 2021-11-05; 2022-11-05; 2023-11-05; 2024-11-05,2018-11-06,2018-11-06,-0.001628,0.025999,-0.020716,0.008226,0.030326,-0.010582,2025-11-05 至 2025-11-10,2026年11-12月,按历届规律推断
医药,T+1,中国国际进口博览会,1,6,7,0.14285714285714285,0.8571428571428571,0.35714285714285715,mostly_down,2018-11-05; 2019-11-05; 2020-11-05; 2021-11-05; 2022-11-05; 2023-11-05; 2024-11-05,2018-11-06,2018-11-06,-0.008447,0.002311,-0.023414,-0.00319,0.021144,-0.027883,2025-11-05 至 2025-11-10,2026年11-12月,按历届规律推断
国防军工,T-1,中国国际进口博览会,6,1,7,0.8571428571428571,0.14285714285714285,0.3571428571428571,mostly_up,2018-11-05; 2019-11-05; 2020-11-05; 2021-11-05; 2022-11-05; 2023-11-05; 2024-11-05,2018-11-02,2018-11-02,0.012175,0.026285,-0.003187,0.010878,0.033304,-0.007672,2025-11-05 至 2025-11-10,2026年11-12月,按历届规律推断
建筑,T-1,中国国际进口博览会,6,1,7,0.8571428571428571,0.14285714285714285,0.3571428571428571,mostly_up,2018-11-05; 2019-11-05; 2020-11-05; 2021-11-05; 2022-11-05; 2023-11-05; 2024-11-05,2018-11-02,2018-11-02,0.007711,0.023011,-0.00128,0.008104,0.021165,-0.003111,2025-11-05 至 2025-11-10,2026年11-12月,按历届规律推断
轻工制造,T,中国国际进口博览会,6,1,7,0.8571428571428571,0.14285714285714285,0.3571428571428571,mostly_up,2018-11-05; 2019-11-05; 2020-11-05; 2021-11-05; 2022-11-05; 2023-11-05; 2024-11-05,2018-11-05,2018-11-05,0.010032,0.019626,-0.001308,0.021813,0.034772,0.011434,2025-11-05 至 2025-11-10,2026年11-12月,按历届规律推断
交通运输,T-1,中国国际进口博览会,6,1,7,0.8571428571428571,0.14285714285714285,0.3571428571428571,mostly_up,2018-11-05; 2019-11-05; 2020-11-05; 2021-11-05; 2022-11-05; 2023-11-05; 2024-11-05,2018-11-02,2018-11-02,0.013704,0.03714,-0.001843,0.013523,0.028002,-0.003084,2025-11-05 至 2025-11-10,2026年11-12月,按历届规律推断
国防军工,T,中央政治局会议,12,2,14,0.8571428571428571,0.14285714285714285,0.3571428571428571,mostly_up,2022-04-29; 2022-07-28; 2022-12-06; 2023-04-28; 2023-07-24; 2023-10-27; 2023-12-08; 2024-04-30; 2024-07-26; 2024-09-26; 2024-12-06; 2025-04-25; 2025-07-25; 2025-12-08,2022-04-29,2022-04-29,0.010728,0.055465,-0.016522,0.020672,0.064593,-0.01474,2025-12-08 至 2025-12-08,2026年4月下旬,约每季度一次
建筑,T+1,央行货币政策委员会例会,12,2,14,0.8571428571428571,0.14285714285714285,0.3571428571428571,mostly_up,2022-06-24; 2022-09-29; 2022-12-28; 2023-03-30; 2023-06-28; 2023-09-25; 2023-12-27; 2024-03-29; 2024-06-28; 2024-09-26; 2024-12-26; 2025-06-23; 2025-09-23; 2025-12-18,2022-06-27,2022-06-27,0.009155,0.028084,-0.0114,0.011452,0.061223,-0.016876,2025-12-18 至 2025-12-18,2026年一季度（约3月末）,每季度一次
基础化工,T,中国国际进口博览会,6,1,7,0.8571428571428571,0.14285714285714285,0.3571428571428571,mostly_up,2018-11-05; 2019-11-05; 2020-11-05; 2021-11-05; 2022-11-05; 2023-11-05; 2024-11-05,2018-11-05,2018-11-05,0.005718,0.02341,-0.033748,0.014582,0.035605,-0.031188,2025-11-05 至 2025-11-10,2026年11-12月,按历届规律推断
纺织服装,T,中国国际进口博览会,6,1,7,0.8571428571428571,0.14285714285714285,0.3571428571428571,mostly_up,2018-11-05; 2019-11-05; 2020-11-05; 2021-11-05; 2022-11-05; 2023-11-05; 2024-11-05,2018-11-05,2018-11-05,0.007524,0.017954,-0.006009,0.013191,0.035457,-0.001389,2025-11-05 至 2025-11-10,2026年11-12月,按历届规律推断
通信,T-1,中国国际进口博览会,6,1,7,0.8571428571428571,0.14285714285714285,0.3571428571428571,mostly_up,2018-11-05; 2019-11-05; 2020-11-05; 2021-11-05; 2022-11-05; 2023-11-05; 2024-11-05,2018-11-02,2018-11-02,0.015253,0.037064,-0.00845,0.009894,0.022303,-0.007696,2025-11-05 至 2025-11-10,2026年11-12月,按历届规律推断
建筑,T,中国国际进口博览会,6,1,7,0.8571428571428571,0.14285714285714285,0.3571428571428571,mostly_up,2018-11-05; 2019-11-05; 2020-11-05; 2021-11-05; 2022-11-05; 2023-11-05; 2024-11-05,2018-11-05,2018-11-05,0.007726,0.029506,-0.022919,0.013139,0.040481,-0.016498,2025-11-05 至 2025-11-10,2026年11-12月,按历届规律推断
轻工制造,T+5,中国国际进口博览会,6,1,7,0.8571428571428571,0.14285714285714285,0.3571428571428571,mostly_up,2018-11-05; 2019-11-05; 2020-11-05; 2021-11-05; 2022-11-05; 2023-11-05; 2024-11-05,2018-11-06,2018-11-12,0.017603,0.037774,-0.008875,0.014164,0.049737,-0.014652,2025-11-05 至 2025-11-10,2026年11-12月,按历届规律推断
电子,T,中国国际进口博览会,6,1,7,0.8571428571428571,0.14285714285714285,0.3571428571428571,mostly_up,2018-11-05; 2019-11-05; 2020-11-05; 2021-11-05; 2022-11-05; 2023-11-05; 2024-11-05,2018-11-05,2018-11-05,0.014839,0.041364,-0.004106,0.026442,0.068877,0.006751,2025-11-05 至 2025-11-10,2026年11-12月,按历届规律推断
家电,T,中国国际进口博览会,6,1,7,0.8571428571428571,0.14285714285714285,0.3571428571428571,mostly_up,2018-11-05; 2019-11-05; 2020-11-05; 2021-11-05; 2022-11-05; 2023-11-05; 2024-11-05,2018-11-05,2018-11-05,0.005138,0.010448,-0.000504,0.019959,0.038038,0.000862,2025-11-05 至 2025-11-10,2026年11-12月,按历届规律推断
建材,T,中国国际进口博览会,6,1,7,0.8571428571428571,0.14285714285714285,0.3571428571428571,mostly_up,2018-11-05; 2019-11-05; 2020-11-05; 2021-11-05; 2022-11-05; 2023-11-05; 2024-11-05,2018-11-05,2018-11-05,0.005827,0.01925,-0.023364,0.015119,0.035118,-0.019325,2025-11-05 至 2025-11-10,2026年11-12月,按历届规律推断
计算机,T-1,中国国际进口博览会,6,1,7,0.8571428571428571,0.14285714285714285,0.3571428571428571,mostly_up,2018-11-05; 2019-11-05; 2020-11-05; 2021-11-05; 2022-11-05; 2023-11-05; 2024-11-05,2018-11-02,2018-11-02,0.015369,0.034437,-0.006903,0.008659,0.019809,-0.018735,2025-11-05 至 2025-11-10,2026年11-12月,按历届规律推断
电力设备及新能源,T-1,中国国际进口博览会,6,1,7,0.8571428571428571,0.14285714285714285,0.3571428571428571,mostly_up,2018-11-05; 2019-11-05; 2020-11-05; 2021-11-05; 2022-11-05; 2023-11-05; 2024-11-05,2018-11-02,2018-11-02,0.019894,0.043335,-0.003825,0.008601,0.048027,-0.01335,2025-11-05 至 2025-11-10,2026年11-12月,按历届规律推断
房地产,T+1,中国国际进口博览会,6,1,7,0.8571428571428571,0.14285714285714285,0.3571428571428571,mostly_up,2018-11-05; 2019-11-05; 2020-11-05; 2021-11-05; 2022-11-05; 2023-11-05; 2024-11-05,2018-11-06,2018-11-06,0.005761,0.021153,-0.009729,0.016919,0.061585,-0.006862,2025-11-05 至 2025-11-10,2026年11-12月,按历届规律推断
食品饮料,T,中国国际进口博览会,6,1,7,0.8571428571428571,0.14285714285714285,0.3571428571428571,mostly_up,2018-11-05; 2019-11-05; 2020-11-05; 2021-11-05; 2022-11-05; 2023-11-05; 2024-11-05,2018-11-05,2018-11-05,0.002711,0.019542,-0.025393,0.023831,0.063731,0.007172,2025-11-05 至 2025-11-10,2026年11-12月,按历届规律推断
房地产,T-1,中央政治局会议,12,2,14,0.8571428571428571,0.14285714285714285,0.3571428571428571,mostly_up,2022-04-29; 2022-07-28; 2022-12-06; 2023-04-28; 2023-07-24; 2023-10-27; 2023-12-08; 2024-04-30; 2024-07-26; 2024-09-26; 2024-12-06; 2025-04-25; 2025-07-25; 2025-12-08,2022-04-28,2022-04-28,0.011699,0.064809,-0.011724,0.015272,0.116522,-0.013594,2025-12-08 至 2025-12-08,2026年4月下旬,约每季度一次
电力设备及新能源,T,中国国际进口博览会,6,1,7,0.8571428571428571,0.14285714285714285,0.3571428571428571,mostly_up,2018-11-05; 2019-11-05; 2020-11-05; 2021-11-05; 2022-11-05; 2023-11-05; 2024-11-05,2018-11-05,2018-11-05,0.015441,0.035246,-0.019449,0.026596,0.05587,-0.002204,2025-11-05 至 2025-11-10,2026年11-12月,按历届规律推断
电子,T,中央政治局会议,12,2,14,0.8571428571428571,0.14285714285714285,0.3571428571428571,mostly_up,2022-04-29; 2022-07-28; 2022-12-06; 2023-04-28; 2023-07-24; 2023-10-27; 2023-12-08; 2024-04-30; 2024-07-26; 2024-09-26; 2024-12-06; 2025-04-25; 2025-07-25; 2025-12-08,2022-04-29,2022-04-29,0.016629,0.044464,-0.010275,0.018766,0.032047,-0.009806,2025-12-08 至 2025-12-08,2026年4月下旬,约每季度一次
电力及公用事业,T-1,中国国际进口博览会,6,1,7,0.8571428571428571,0.14285714285714285,0.3571428571428571,mostly_up,2018-11-05; 2019-11-05; 2020-11-05; 2021-11-05; 2022-11-05; 2023-11-05; 2024-11-05,2018-11-02,2018-11-02,0.008816,0.024262,-0.005081,0.008882,0.022826,-0.001837,2025-11-05 至 2025-11-10,2026年11-12月,按历届规律推断
计算机,T,中国国际进口博览会,6,1,7,0.8571428571428571,0.14285714285714285,0.3571428571428571,mostly_up,2018-11-05; 2019-11-05; 2020-11-05; 2021-11-05; 2022-11-05; 2023-11-05; 2024-11-05,2018-11-05,2018-11-05,0.017669,0.056024,-0.001364,0.028789,0.092818,0.001812,2025-11-05 至 2025-11-10,2026年11-12月,按历届规律推断
农林牧渔,T-1,中国国际进口博览会,6,1,7,0.8571428571428571,0.14285714285714285,0.3571428571428571,mostly_up,2018-11-05; 2019-11-05; 2020-11-05; 2021-11-05; 2022-11-05; 2023-11-05; 2024-11-05,2018-11-02,2018-11-02,0.008657,0.021308,-0.004027,0.012956,0.043425,-0.003911,2025-11-05 至 2025-11-10,2026年11-12月,按历届规律推断
家电,T-5,中央经济工作会议,12,2,14,0.8571428571428571,0.14285714285714285,0.3571428571428571,mostly_up,2012-12-15; 2013-12-10; 2014-12-09; 2015-12-18; 2016-12-14; 2017-12-18; 2018-12-19; 2019-12-10; 2020-12-16; 2021-12-08; 2022-12-15; 2023-12-11; 2024-12-10; 2025-12-10,2012-12-10,2012-12-10,0.007432,0.039736,-0.033998,0.008973,0.05345,-0.046583,2025-12-10 至 2025-12-11,2026年11-12月,按历届规律推断
传媒,T,中国国际进口博览会,6,1,7,0.8571428571428571,0.14285714285714285,0.3571428571428571,mostly_up,2018-11-05; 2019-11-05; 2020-11-05; 2021-11-05; 2022-11-05; 2023-11-05; 2024-11-05,2018-11-05,2018-11-05,0.019495,0.052223,-0.002169,0.02841,0.054349,-0.002394,2025-11-05 至 2025-11-10,2026年11-12月,按历届规律推断
石油石化,T-1,中国国际进口博览会,6,1,7,0.8571428571428571,0.14285714285714285,0.3571428571428571,mostly_up,2018-11-05; 2019-11-05; 2020-11-05; 2021-11-05; 2022-11-05; 2023-11-05; 2024-11-05,2018-11-02,2018-11-02,0.008283,0.025128,-0.014448,0.013222,0.040542,-0.009118,2025-11-05 至 2025-11-10,2026年11-12月,按历届规律推断
煤炭,T-5,中央经济工作会议,12,2,14,0.8571428571428571,0.14285714285714285,0.3571428571428571,mostly_up,2012-12-15; 2013-12-10; 2014-12-09; 2015-12-18; 2016-12-14; 2017-12-18; 2018-12-19; 2019-12-10; 2020-12-16; 2021-12-08; 2022-12-15; 2023-12-11; 2024-12-10; 2025-12-10,2012-12-10,2012-12-10,0.010462,0.033243,-0.003302,0.012343,0.044937,-0.020369,2025-12-10 至 2025-12-11,2026年11-12月,按历届规律推断
计算机,T+1,央行货币政策委员会例会,11,3,14,0.7857142857142857,0.21428571428571427,0.2857142857142857,mostly_up,2022-06-24; 2022-09-29; 2022-12-28; 2023-03-30; 2023-06-28; 2023-09-25; 2023-12-27; 2024-03-29; 2024-06-28; 2024-09-26; 2024-12-26; 2025-06-23; 2025-09-23; 2025-12-18,2022-06-27,2022-06-27,0.016598,0.077337,-0.007574,0.015634,0.101326,-0.017675,2025-12-18 至 2025-12-18,2026年一季度（约3月末）,每季度一次
房地产,T+1,中央经济工作会议,11,3,14,0.7857142857142857,0.21428571428571427,0.2857142857142857,mostly_up,2012-12-15; 2013-12-10; 2014-12-09; 2015-12-18; 2016-12-14; 2017-12-18; 2018-12-19; 2019-12-10; 2020-12-16; 2021-12-08; 2022-12-15; 2023-12-11; 2024-12-10; 2025-12-10,2012-12-18,2012-12-18,0.007689,0.039664,-0.030569,0.002341,0.023739,-0.021112,2025-12-10 至 2025-12-11,2026年11-12月,按历届规律推断
家电,T-1,中央政治局会议,11,3,14,0.7857142857142857,0.21428571428571427,0.2857142857142857,mostly_up,2022-04-29; 2022-07-28; 2022-12-06; 2023-04-28; 2023-07-24; 2023-10-27; 2023-12-08; 2024-04-30; 2024-07-26; 2024-09-26; 2024-12-06; 2025-04-25; 2025-07-25; 2025-12-08,2022-04-28,2022-04-28,0.004741,0.022696,-0.00767,0.007594,0.041904,-0.023782,2025-12-08 至 2025-12-08,2026年4月下旬,约每季度一次
建材,T+1,中央经济工作会议,11,3,14,0.7857142857142857,0.21428571428571427,0.2857142857142857,mostly_up,2012-12-15; 2013-12-10; 2014-12-09; 2015-12-18; 2016-12-14; 2017-12-18; 2018-12-19; 2019-12-10; 2020-12-16; 2021-12-08; 2022-12-15; 2023-12-11; 2024-12-10; 2025-12-10,2012-12-18,2012-12-18,0.006378,0.039098,-0.028119,0.00353,0.022066,-0.019426,2025-12-10 至 2025-12-11,2026年11-12月,按历届规律推断
有色金属,T+5,央行货币政策委员会例会,11,3,14,0.7857142857142857,0.21428571428571427,0.2857142857142857,mostly_up,2022-06-24; 2022-09-29; 2022-12-28; 2023-03-30; 2023-06-28; 2023-09-25; 2023-12-27; 2024-03-29; 2024-06-28; 2024-09-26; 2024-12-26; 2025-06-23; 2025-09-23; 2025-12-18,2022-06-27,2022-07-01,0.020081,0.091648,-0.030137,0.017079,0.068478,-0.056159,2025-12-18 至 2025-12-18,2026年一季度（约3月末）,每季度一次
计算机,T,中央政治局会议,11,3,14,0.7857142857142857,0.21428571428571427,0.2857142857142857,mostly_up,2022-04-29; 2022-07-28; 2022-12-06; 2023-04-28; 2023-07-24; 2023-10-27; 2023-12-08; 2024-04-30; 2024-07-26; 2024-09-26; 2024-12-06; 2025-04-25; 2025-07-25; 2025-12-08,2022-04-29,2022-04-29,0.013896,0.056518,-0.009842,0.018998,0.047391,-0.017641,2025-12-08 至 2025-12-08,2026年4月下旬,约每季度一次
基础化工,T,中央政治局会议,11,3,14,0.7857142857142857,0.21428571428571427,0.2857142857142857,mostly_up,2022-04-29; 2022-07-28; 2022-12-06; 2023-04-28; 2023-07-24; 2023-10-27; 2023-12-08; 2024-04-30; 2024-07-26; 2024-09-26; 2024-12-06; 2025-04-25; 2025-07-25; 2025-12-08,2022-04-29,2022-04-29,0.008116,0.037242,-0.010933,0.012776,0.031118,-0.016562,2025-12-08 至 2025-12-08,2026年4月下旬,约每季度一次
汽车,T+1,央行货币政策委员会例会,11,3,14,0.7857142857142857,0.21428571428571427,0.2857142857142857,mostly_up,2022-06-24; 2022-09-29; 2022-12-28; 2023-03-30; 2023-06-28; 2023-09-25; 2023-12-27; 2024-03-29; 2024-06-28; 2024-09-26; 2024-12-26; 2025-06-23; 2025-09-23; 2025-12-18,2022-06-27,2022-06-27,0.007783,0.042098,-0.027969,0.010143,0.065211,-0.037864,2025-12-18 至 2025-12-18,2026年一季度（约3月末）,每季度一次
纺织服装,T-1,中央政治局会议,11,3,14,0.7857142857142857,0.21428571428571427,0.2857142857142857,mostly_up,2022-04-29; 2022-07-28; 2022-12-06; 2023-04-28; 2023-07-24; 2023-10-27; 2023-12-08; 2024-04-30; 2024-07-26; 2024-09-26; 2024-12-06; 2025-04-25; 2025-07-25; 2025-12-08,2022-04-28,2022-04-28,0.004995,0.015322,-0.01288,0.007916,0.032558,-0.011805,2025-12-08 至 2025-12-08,2026年4月下旬,约每季度一次
传媒,T+1,央行货币政策委员会例会,11,3,14,0.7857142857142857,0.21428571428571427,0.2857142857142857,mostly_up,2022-06-24; 2022-09-29; 2022-12-28; 2023-03-30; 2023-06-28; 2023-09-25; 2023-12-27; 2024-03-29; 2024-06-28; 2024-09-26; 2024-12-26; 2025-06-23; 2025-09-23; 2025-12-18,2022-06-27,2022-06-27,0.01769,0.053332,-0.008171,0.016222,0.081587,-0.02644,2025-12-18 至 2025-12-18,2026年一季度（约3月末）,每季度一次
非银行金融,T+1,央行货币政策委员会例会,11,3,14,0.7857142857142857,0.21428571428571427,0.2857142857142857,mostly_up,2022-06-24; 2022-09-29; 2022-12-28; 2023-03-30; 2023-06-28; 2023-09-25; 2023-12-27; 2024-03-29; 2024-06-28; 2024-09-26; 2024-12-26; 2025-06-23; 2025-09-23; 2025-12-18,2022-06-27,2022-06-27,0.010719,0.06952,-0.005609,0.011376,0.102705,-0.019831,2025-12-18 至 2025-12-18,2026年一季度（约3月末）,每季度一次
农林牧渔,T+1,央行货币政策委员会例会,11,3,14,0.7857142857142857,0.21428571428571427,0.2857142857142857,mostly_up,2022-06-24; 2022-09-29; 2022-12-28; 2023-03-30; 2023-06-28; 2023-09-25; 2023-12-27; 2024-03-29; 2024-06-28; 2024-09-26; 2024-12-26; 2025-06-23; 2025-09-23; 2025-12-18,2022-06-27,2022-06-27,0.013295,0.053188,-0.007872,0.016609,0.074914,-0.018614,2025-12-18 至 2025-12-18,2026年一季度（约3月末）,每季度一次
农林牧渔,T-1,中央政治局会议,11,3,14,0.7857142857142857,0.21428571428571427,0.2857142857142857,mostly_up,2022-04-29; 2022-07-28; 2022-12-06; 2023-04-28; 2023-07-24; 2023-10-27; 2023-12-08; 2024-04-30; 2024-07-26; 2024-09-26; 2024-12-06; 2025-04-25; 2025-07-25; 2025-12-08,2022-04-28,2022-04-28,0.0021,0.013248,-0.028319,0.009622,0.035872,-0.008416,2025-12-08 至 2025-12-08,2026年4月下旬,约每季度一次
电力及公用事业,T,央行货币政策委员会例会,11,3,14,0.7857142857142857,0.21428571428571427,0.2857142857142857,mostly_up,2022-06-24; 2022-09-29; 2022-12-28; 2023-03-30; 2023-06-28; 2023-09-25; 2023-12-27; 2024-03-29; 2024-06-28; 2024-09-26; 2024-12-26; 2025-06-23; 2025-09-23; 2025-12-18,2022-06-24,2022-06-24,0.005851,0.02002,-0.011033,0.004329,0.02243,-0.03298,2025-12-18 至 2025-12-18,2026年一季度（约3月末）,每季度一次
电力及公用事业,T,中央经济工作会议,3,11,14,0.21428571428571427,0.7857142857142857,0.2857142857142857,mostly_down,2012-12-15; 2013-12-10; 2014-12-09; 2015-12-18; 2016-12-14; 2017-12-18; 2018-12-19; 2019-12-10; 2020-12-16; 2021-12-08; 2022-12-15; 2023-12-11; 2024-12-10; 2025-12-10,2012-12-17,2012-12-17,-0.004702,0.009082,-0.040495,0.002411,0.027612,-0.015094,2025-12-10 至 2025-12-11,2026年11-12月,按历届规律推断
钢铁,T+5,央行货币政策委员会例会,11,3,14,0.7857142857142857,0.21428571428571427,0.2857142857142857,mostly_up,2022-06-24; 2022-09-29; 2022-12-28; 2023-03-30; 2023-06-28; 2023-09-25; 2023-12-27; 2024-03-29; 2024-06-28; 2024-09-26; 2024-12-26; 2025-06-23; 2025-09-23; 2025-12-18,2022-06-27,2022-07-01,0.010598,0.053546,-0.062922,0.007559,0.052495,-0.0627,2025-12-18 至 2025-12-18,2026年一季度（约3月末）,每季度一次
煤炭,T,央行货币政策委员会例会,11,3,14,0.7857142857142857,0.21428571428571427,0.2857142857142857,mostly_up,2022-06-24; 2022-09-29; 2022-12-28; 2023-03-30; 2023-06-28; 2023-09-25; 2023-12-27; 2024-03-29; 2024-06-28; 2024-09-26; 2024-12-26; 2025-06-23; 2025-09-23; 2025-12-18,2022-06-24,2022-06-24,0.011782,0.038548,-0.012598,0.011389,0.037141,-0.010749,2025-12-18 至 2025-12-18,2026年一季度（约3月末）,每季度一次
国防军工,T,央行货币政策委员会例会,11,3,14,0.7857142857142857,0.21428571428571427,0.2857142857142857,mostly_up,2022-06-24; 2022-09-29; 2022-12-28; 2023-03-30; 2023-06-28; 2023-09-25; 2023-12-27; 2024-03-29; 2024-06-28; 2024-09-26; 2024-12-26; 2025-06-23; 2025-09-23; 2025-12-18,2022-06-24,2022-06-24,0.009522,0.03226,-0.01175,0.013799,0.068172,-0.040868,2025-12-18 至 2025-12-18,2026年一季度（约3月末）,每季度一次
国防军工,T+1,央行货币政策委员会例会,11,3,14,0.7857142857142857,0.21428571428571427,0.2857142857142857,mostly_up,2022-06-24; 2022-09-29; 2022-12-28; 2023-03-30; 2023-06-28; 2023-09-25; 2023-12-27; 2024-03-29; 2024-06-28; 2024-09-26; 2024-12-26; 2025-06-23; 2025-09-23; 2025-12-18,2022-06-27,2022-06-27,0.007177,0.050097,-0.02958,0.015553,0.076457,-0.033732,2025-12-18 至 2025-12-18,2026年一季度（约3月末）,每季度一次
纺织服装,T,中央政治局会议,11,3,14,0.7857142857142857,0.21428571428571427,0.2857142857142857,mostly_up,2022-04-29; 2022-07-28; 2022-12-06; 2023-04-28; 2023-07-24; 2023-10-27; 2023-12-08; 2024-04-30; 2024-07-26; 2024-09-26; 2024-12-06; 2025-04-25; 2025-07-25; 2025-12-08,2022-04-29,2022-04-29,0.011618,0.040974,-0.021144,0.016482,0.045036,-0.019538,2025-12-08 至 2025-12-08,2026年4月下旬,约每季度一次
综合,T+5,央行货币政策委员会例会,11,3,14,0.7857142857142857,0.21428571428571427,0.2857142857142857,mostly_up,2022-06-24; 2022-09-29; 2022-12-28; 2023-03-30; 2023-06-28; 2023-09-25; 2023-12-27; 2024-03-29; 2024-06-28; 2024-09-26; 2024-12-26; 2025-06-23; 2025-09-23; 2025-12-18,2022-06-27,2022-07-01,0.009414,0.060257,-0.069232,0.00692,0.042881,-0.081587,2025-12-18 至 2025-12-18,2026年一季度（约3月末）,每季度一次
消费者服务,T+1,央行货币政策委员会例会,11,3,14,0.7857142857142857,0.21428571428571427,0.2857142857142857,mostly_up,2022-06-24; 2022-09-29; 2022-12-28; 2023-03-30; 2023-06-28; 2023-09-25; 2023-12-27; 2024-03-29; 2024-06-28; 2024-09-26; 2024-12-26; 2025-06-23; 2025-09-23; 2025-12-18,2022-06-27,2022-06-27,0.010444,0.052534,-0.018073,0.015294,0.081849,-0.040012,2025-12-18 至 2025-12-18,2026年一季度（约3月末）,每季度一次
交通运输,T-5,中央经济工作会议,11,3,14,0.7857142857142857,0.21428571428571427,0.2857142857142857,mostly_up,2012-12-15; 2013-12-10; 2014-12-09; 2015-12-18; 2016-12-14; 2017-12-18; 2018-12-19; 2019-12-10; 2020-12-16; 2021-12-08; 2022-12-15; 2023-12-11; 2024-12-10; 2025-12-10,2012-12-10,2012-12-10,0.003784,0.013736,-0.020914,0.00665,0.02464,-0.026748,2025-12-10 至 2025-12-11,2026年11-12月,按历届规律推断
纺织服装,T+1,央行货币政策委员会例会,11,3,14,0.7857142857142857,0.21428571428571427,0.2857142857142857,mostly_up,2022-06-24; 2022-09-29; 2022-12-28; 2023-03-30; 2023-06-28; 2023-09-25; 2023-12-27; 2024-03-29; 2024-06-28; 2024-09-26; 2024-12-26; 2025-06-23; 2025-09-23; 2025-12-18,2022-06-27,2022-06-27,0.0072,0.037737,-0.008531,0.011127,0.067006,-0.027336,2025-12-18 至 2025-12-18,2026年一季度（约3月末）,每季度一次
基础化工,T-5,中央经济工作会议,11,3,14,0.7857142857142857,0.21428571428571427,0.2857142857142857,mostly_up,2012-12-15; 2013-12-10; 2014-12-09; 2015-12-18; 2016-12-14; 2017-12-18; 2018-12-19; 2019-12-10; 2020-12-16; 2021-12-08; 2022-12-15; 2023-12-11; 2024-12-10; 2025-12-10,2012-12-10,2012-12-10,0.004135,0.01845,-0.013814,0.006688,0.045705,-0.01203,2025-12-10 至 2025-12-11,2026年11-12月,按历届规律推断
消费者服务,T,中央政治局会议,11,3,14,0.7857142857142857,0.21428571428571427,0.2857142857142857,mostly_up,2022-04-29; 2022-07-28; 2022-12-06; 2023-04-28; 2023-07-24; 2023-10-27; 2023-12-08; 2024-04-30; 2024-07-26; 2024-09-26; 2024-12-06; 2025-04-25; 2025-07-25; 2025-12-08,2022-04-29,2022-04-29,0.009233,0.053653,-0.019288,0.015186,0.052992,-0.012119,2025-12-08 至 2025-12-08,2026年4月下旬,约每季度一次
商贸零售,T-1,两会,3,10,13,0.23076923076923078,0.7692307692307693,0.2692307692307692,mostly_down,2013-03-05; 2014-03-05; 2015-03-05; 2016-03-05; 2017-03-05; 2018-03-05; 2019-03-05; 2020-05-22; 2021-03-05; 2022-03-05; 2023-03-05; 2024-03-05; 2025-03-05,2013-03-04,2013-03-04,-0.004074,0.021321,-0.033513,0.000922,0.024701,-0.0233,2025-03-05 至 2025-03-15,2026年3月上旬,每年一次
建材,T-1,两会,3,10,13,0.23076923076923078,0.7692307692307693,0.2692307692307692,mostly_down,2013-03-05; 2014-03-05; 2015-03-05; 2016-03-05; 2017-03-05; 2018-03-05; 2019-03-05; 2020-05-22; 2021-03-05; 2022-03-05; 2023-03-05; 2024-03-05; 2025-03-05,2013-03-04,2013-03-04,-0.009814,0.016712,-0.072425,-0.000979,0.026057,-0.032648,2025-03-05 至 2025-03-15,2026年3月上旬,每年一次
汽车,T,美联储FOMC议息会议,24,8,32,0.75,0.25,0.25,mostly_up,2022-01-26; 2022-03-16; 2022-05-04; 2022-06-15; 2022-07-27; 2022-09-21; 2022-11-02; 2022-12-14; 2023-02-01; 2023-03-22; 2023-05-03; 2023-06-14; 2023-07-26; 2023-09-20; 2023-11-01; 2023-12-13; 2024-01-31; 2024-03-20; 2024-05-01; 2024-06-12; 2024-07-31; 2024-09-18; 2024-11-07; 2024-12-18; 2025-01-29; 2025-03-19; 2025-04-30; 2025-06-18; 2025-07-30; 2025-09-17; 2025-10-29; 2025-12-17,2022-01-26,2022-01-26,0.007356,0.045607,-0.026606,0.007427,0.073673,-0.034371,2025-12-17 至 2025-12-17,2027年1-2月,每年约8次
综合,T+1,美联储FOMC议息会议,8,24,32,0.25,0.75,0.25,mostly_down,2022-01-26; 2022-03-16; 2022-05-04; 2022-06-15; 2022-07-27; 2022-09-21; 2022-11-02; 2022-12-14; 2023-02-01; 2023-03-22; 2023-05-03; 2023-06-14; 2023-07-26; 2023-09-20; 2023-11-01; 2023-12-13; 2024-01-31; 2024-03-20; 2024-05-01; 2024-06-12; 2024-07-31; 2024-09-18; 2024-11-07; 2024-12-18; 2025-01-29; 2025-03-19; 2025-04-30; 2025-06-18; 2025-07-30; 2025-09-17; 2025-10-29; 2025-12-17,2022-01-27,2022-01-27,-0.004192,0.033832,-0.02854,0.001807,0.039599,-0.043128,2025-12-17 至 2025-12-17,2027年1-2月,每年约8次
交通运输,T+1,美联储FOMC议息会议,9,23,32,0.28125,0.71875,0.21875,mostly_down,2022-01-26; 2022-03-16; 2022-05-04; 2022-06-15; 2022-07-27; 2022-09-21; 2022-11-02; 2022-12-14; 2023-02-01; 2023-03-22; 2023-05-03; 2023-06-14; 2023-07-26; 2023-09-20; 2023-11-01; 2023-12-13; 2024-01-31; 2024-03-20; 2024-05-01; 2024-06-12; 2024-07-31; 2024-09-18; 2024-11-07; 2024-12-18; 2025-01-29; 2025-03-19; 2025-04-30; 2025-06-18; 2025-07-30; 2025-09-17; 2025-10-29; 2025-12-17,2022-01-27,2022-01-27,-0.004363,0.015614,-0.028041,-0.000125,0.023077,-0.016897,2025-12-17 至 2025-12-17,2027年1-2月,每年约8次
纺织服装,T+1,美联储FOMC议息会议,9,23,32,0.28125,0.71875,0.21875,mostly_down,2022-01-26; 2022-03-16; 2022-05-04; 2022-06-15; 2022-07-27; 2022-09-21; 2022-11-02; 2022-12-14; 2023-02-01; 2023-03-22; 2023-05-03; 2023-06-14; 2023-07-26; 2023-09-20; 2023-11-01; 2023-12-13; 2024-01-31; 2024-03-20; 2024-05-01; 2024-06-12; 2024-07-31; 2024-09-18; 2024-11-07; 2024-12-18; 2025-01-29; 2025-03-19; 2025-04-30; 2025-06-18; 2025-07-30; 2025-09-17; 2025-10-29; 2025-12-17,2022-01-27,2022-01-27,-0.004631,0.023833,-0.02701,0.001754,0.036309,-0.031855,2025-12-17 至 2025-12-17,2027年1-2月,每年约8次
传媒,T,美联储FOMC议息会议,23,9,32,0.71875,0.28125,0.21875,mostly_up,2022-01-26; 2022-03-16; 2022-05-04; 2022-06-15; 2022-07-27; 2022-09-21; 2022-11-02; 2022-12-14; 2023-02-01; 2023-03-22; 2023-05-03; 2023-06-14; 2023-07-26; 2023-09-20; 2023-11-01; 2023-12-13; 2024-01-31; 2024-03-20; 2024-05-01; 2024-06-12; 2024-07-31; 2024-09-18; 2024-11-07; 2024-12-18; 2025-01-29; 2025-03-19; 2025-04-30; 2025-06-18; 2025-07-30; 2025-09-17; 2025-10-29; 2025-12-17,2022-01-26,2022-01-26,0.010173,0.058112,-0.033421,0.01118,0.13394,-0.062137,2025-12-17 至 2025-12-17,2027年1-2月,每年约8次
非银行金融,T+1,美联储FOMC议息会议,9,23,32,0.28125,0.71875,0.21875,mostly_down,2022-01-26; 2022-03-16; 2022-05-04; 2022-06-15; 2022-07-27; 2022-09-21; 2022-11-02; 2022-12-14; 2023-02-01; 2023-03-22; 2023-05-03; 2023-06-14; 2023-07-26; 2023-09-20; 2023-11-01; 2023-12-13; 2024-01-31; 2024-03-20; 2024-05-01; 2024-06-12; 2024-07-31; 2024-09-18; 2024-11-07; 2024-12-18; 2025-01-29; 2025-03-19; 2025-04-30; 2025-06-18; 2025-07-30; 2025-09-17; 2025-10-29; 2025-12-17,2022-01-27,2022-01-27,-0.006436,0.015878,-0.036159,0.002168,0.046494,-0.025313,2025-12-17 至 2025-12-17,2027年1-2月,每年约8次
传媒,T-5,美联储FOMC议息会议,23,9,32,0.71875,0.28125,0.21875,mostly_up,2022-01-26; 2022-03-16; 2022-05-04; 2022-06-15; 2022-07-27; 2022-09-21; 2022-11-02; 2022-12-14; 2023-02-01; 2023-03-22; 2023-05-03; 2023-06-14; 2023-07-26; 2023-09-20; 2023-11-01; 2023-12-13; 2024-01-31; 2024-03-20; 2024-05-01; 2024-06-12; 2024-07-31; 2024-09-18; 2024-11-07; 2024-12-18; 2025-01-29; 2025-03-19; 2025-04-30; 2025-06-18; 2025-07-30; 2025-09-17; 2025-10-29; 2025-12-17,2022-01-19,2022-01-19,0.005386,0.036375,-0.074885,0.000294,0.048298,-0.066038,2025-12-17 至 2025-12-17,2027年1-2月,每年约8次
钢铁,T+1,美联储FOMC议息会议,9,23,32,0.28125,0.71875,0.21875,mostly_down,2022-01-26; 2022-03-16; 2022-05-04; 2022-06-15; 2022-07-27; 2022-09-21; 2022-11-02; 2022-12-14; 2023-02-01; 2023-03-22; 2023-05-03; 2023-06-14; 2023-07-26; 2023-09-20; 2023-11-01; 2023-12-13; 2024-01-31; 2024-03-20; 2024-05-01; 2024-06-12; 2024-07-31; 2024-09-18; 2024-11-07; 2024-12-18; 2025-01-29; 2025-03-19; 2025-04-30; 2025-06-18; 2025-07-30; 2025-09-17; 2025-10-29; 2025-12-17,2022-01-27,2022-01-27,-0.003915,0.022925,-0.040786,0.000459,0.035002,-0.022099,2025-12-17 至 2025-12-17,2027年1-2月,每年约8次
家电,T,美联储FOMC议息会议,23,9,32,0.71875,0.28125,0.21875,mostly_up,2022-01-26; 2022-03-16; 2022-05-04; 2022-06-15; 2022-07-27; 2022-09-21; 2022-11-02; 2022-12-14; 2023-02-01; 2023-03-22; 2023-05-03; 2023-06-14; 2023-07-26; 2023-09-20; 2023-11-01; 2023-12-13; 2024-01-31; 2024-03-20; 2024-05-01; 2024-06-12; 2024-07-31; 2024-09-18; 2024-11-07; 2024-12-18; 2025-01-29; 2025-03-19; 2025-04-30; 2025-06-18; 2025-07-30; 2025-09-17; 2025-10-29; 2025-12-17,2022-01-26,2022-01-26,0.007185,0.042601,-0.018247,0.008635,0.060302,-0.031122,2025-12-17 至 2025-12-17,2027年1-2月,每年约8次
综合,T-1,中国国际进口博览会,5,2,7,0.7142857142857143,0.2857142857142857,0.2142857142857143,mostly_up,2018-11-05; 2019-11-05; 2020-11-05; 2021-11-05; 2022-11-05; 2023-11-05; 2024-11-05,2018-11-02,2018-11-02,0.009787,0.027117,-0.005126,0.008006,0.034708,-0.021765,2025-11-05 至 2025-11-10,2026年11-12月,按历届规律推断
银行,T-1,中国国际进口博览会,5,2,7,0.7142857142857143,0.2857142857142857,0.2142857142857143,mostly_up,2018-11-05; 2019-11-05; 2020-11-05; 2021-11-05; 2022-11-05; 2023-11-05; 2024-11-05,2018-11-02,2018-11-02,0.009574,0.022446,-0.003593,0.007697,0.022999,-0.006619,2025-11-05 至 2025-11-10,2026年11-12月,按历届规律推断
石油石化,T-5,中央经济工作会议,10,4,14,0.7142857142857143,0.2857142857142857,0.2142857142857143,mostly_up,2012-12-15; 2013-12-10; 2014-12-09; 2015-12-18; 2016-12-14; 2017-12-18; 2018-12-19; 2019-12-10; 2020-12-16; 2021-12-08; 2022-12-15; 2023-12-11; 2024-12-10; 2025-12-10,2012-12-10,2012-12-10,0.003834,0.019213,-0.016643,0.00656,0.024875,-0.016807,2025-12-10 至 2025-12-11,2026年11-12月,按历届规律推断
钢铁,T+5,中央经济工作会议,4,10,14,0.2857142857142857,0.7142857142857143,0.2142857142857143,mostly_down,2012-12-15; 2013-12-10; 2014-12-09; 2015-12-18; 2016-12-14; 2017-12-18; 2018-12-19; 2019-12-10; 2020-12-16; 2021-12-08; 2022-12-15; 2023-12-11; 2024-12-10; 2025-12-10,2012-12-18,2012-12-24,-0.011474,0.074068,-0.05118,-0.000306,0.131932,-0.037076,2025-12-10 至 2025-12-11,2026年11-12月,按历届规律推断
钢铁,T-1,中央政治局会议,10,4,14,0.7142857142857143,0.2857142857142857,0.2142857142857143,mostly_up,2022-04-29; 2022-07-28; 2022-12-06; 2023-04-28; 2023-07-24; 2023-10-27; 2023-12-08; 2024-04-30; 2024-07-26; 2024-09-26; 2024-12-06; 2025-04-25; 2025-07-25; 2025-12-08,2022-04-28,2022-04-28,0.006804,0.028289,-0.010098,0.016619,0.04943,-0.003254,2025-12-08 至 2025-12-08,2026年4月下旬,约每季度一次
钢铁,T-5,中国国际进口博览会,2,5,7,0.2857142857142857,0.7142857142857143,0.2142857142857143,mostly_down,2018-11-05; 2019-11-05; 2020-11-05; 2021-11-05; 2022-11-05; 2023-11-05; 2024-11-05,2018-10-29,2018-10-29,-0.007065,0.009336,-0.034487,-0.005614,0.01383,-0.029342,2025-11-05 至 2025-11-10,2026年11-12月,按历届规律推断
银行,T+1,中央经济工作会议,10,4,14,0.7142857142857143,0.2857142857142857,0.2142857142857143,mostly_up,2012-12-15; 2013-12-10; 2014-12-09; 2015-12-18; 2016-12-14; 2017-12-18; 2018-12-19; 2019-12-10; 2020-12-16; 2021-12-08; 2022-12-15; 2023-12-11; 2024-12-10; 2025-12-10,2012-12-18,2012-12-18,0.005008,0.037916,-0.031471,9.7e-05,0.059292,-0.039058,2025-12-10 至 2025-12-11,2026年11-12月,按历届规律推断
石油石化,T+5,中央政治局会议,4,10,14,0.2857142857142857,0.7142857142857143,0.2142857142857143,mostly_down,2022-04-29; 2022-07-28; 2022-12-06; 2023-04-28; 2023-07-24; 2023-10-27; 2023-12-08; 2024-04-30; 2024-07-26; 2024-09-26; 2024-12-06; 2025-04-25; 2025-07-25; 2025-12-08,2022-05-05,2022-05-11,-0.005035,0.050614,-0.023362,-0.005787,0.05319,-0.038829,2025-12-08 至 2025-12-08,2026年4月下旬,约每季度一次
银行,T-1,央行货币政策委员会例会,10,4,14,0.7142857142857143,0.2857142857142857,0.2142857142857143,mostly_up,2022-06-24; 2022-09-29; 2022-12-28; 2023-03-30; 2023-06-28; 2023-09-25; 2023-12-27; 2024-03-29; 2024-06-28; 2024-09-26; 2024-12-26; 2025-06-23; 2025-09-23; 2025-12-18,2022-06-23,2022-06-23,0.004593,0.019739,-0.013844,0.005244,0.042231,-0.007044,2025-12-18 至 2025-12-18,2026年一季度（约3月末）,每季度一次
钢铁,T+1,央行货币政策委员会例会,10,4,14,0.7142857142857143,0.2857142857142857,0.2142857142857143,mostly_up,2022-06-24; 2022-09-29; 2022-12-28; 2023-03-30; 2023-06-28; 2023-09-25; 2023-12-27; 2024-03-29; 2024-06-28; 2024-09-26; 2024-12-26; 2025-06-23; 2025-09-23; 2025-12-18,2022-06-27,2022-06-27,0.006878,0.027296,-0.010307,0.010015,0.062655,-0.013145,2025-12-18 至 2025-12-18,2026年一季度（约3月末）,每季度一次
石油石化,T+1,央行货币政策委员会例会,10,4,14,0.7142857142857143,0.2857142857142857,0.2142857142857143,mostly_up,2022-06-24; 2022-09-29; 2022-12-28; 2023-03-30; 2023-06-28; 2023-09-25; 2023-12-27; 2024-03-29; 2024-06-28; 2024-09-26; 2024-12-26; 2025-06-23; 2025-09-23; 2025-12-18,2022-06-27,2022-06-27,0.000613,0.016577,-0.02101,0.008042,0.038065,-0.012686,2025-12-18 至 2025-12-18,2026年一季度（约3月末）,每季度一次
银行,T-5,中国国际进口博览会,2,5,7,0.2857142857142857,0.7142857142857143,0.2142857142857143,mostly_down,2018-11-05; 2019-11-05; 2020-11-05; 2021-11-05; 2022-11-05; 2023-11-05; 2024-11-05,2018-10-29,2018-10-29,-0.007784,0.000385,-0.019259,-0.011435,-0.000981,-0.028172,2025-11-05 至 2025-11-10,2026年11-12月,按历届规律推断
石油石化,T,中央政治局会议,10,4,14,0.7142857142857143,0.2857142857142857,0.2142857142857143,mostly_up,2022-04-29; 2022-07-28; 2022-12-06; 2023-04-28; 2023-07-24; 2023-10-27; 2023-12-08; 2024-04-30; 2024-07-26; 2024-09-26; 2024-12-06; 2025-04-25; 2025-07-25; 2025-12-08,2022-04-29,2022-04-29,0.005708,0.036192,-0.008387,0.007756,0.041679,-0.008822,2025-12-08 至 2025-12-08,2026年4月下旬,约每季度一次
石油石化,T,中国国际进口博览会,5,2,7,0.7142857142857143,0.2857142857142857,0.2142857142857143,mostly_up,2018-11-05; 2019-11-05; 2020-11-05; 2021-11-05; 2022-11-05; 2023-11-05; 2024-11-05,2018-11-05,2018-11-05,0.000731,0.023811,-0.035511,0.00673,0.049867,-0.042051,2025-11-05 至 2025-11-10,2026年11-12月,按历届规律推断
非银行金融,T,中国国际进口博览会,5,2,7,0.7142857142857143,0.2857142857142857,0.2142857142857143,mostly_up,2018-11-05; 2019-11-05; 2020-11-05; 2021-11-05; 2022-11-05; 2023-11-05; 2024-11-05,2018-11-05,2018-11-05,0.014563,0.049675,-0.004057,0.021803,0.076143,-0.003215,2025-11-05 至 2025-11-10,2026年11-12月,按历届规律推断
非银行金融,T+1,中国国际进口博览会,2,5,7,0.2857142857142857,0.7142857142857143,0.2142857142857143,mostly_down,2018-11-05; 2019-11-05; 2020-11-05; 2021-11-05; 2022-11-05; 2023-11-05; 2024-11-05,2018-11-06,2018-11-06,-0.00199,0.009714,-0.00961,0.009698,0.028206,-0.00103,2025-11-05 至 2025-11-10,2026年11-12月,按历届规律推断
石油石化,T-5,央行货币政策委员会例会,4,10,14,0.2857142857142857,0.7142857142857143,0.2142857142857143,mostly_down,2022-06-24; 2022-09-29; 2022-12-28; 2023-03-30; 2023-06-28; 2023-09-25; 2023-12-27; 2024-03-29; 2024-06-28; 2024-09-26; 2024-12-26; 2025-06-23; 2025-09-23; 2025-12-18,2022-06-17,2022-06-17,-0.002883,0.007467,-0.015334,-0.003066,0.034249,-0.024693,2025-12-18 至 2025-12-18,2026年一季度（约3月末）,每季度一次
钢铁,T+1,中央经济工作会议,10,4,14,0.7142857142857143,0.2857142857142857,0.2142857142857143,mostly_up,2012-12-15; 2013-12-10; 2014-12-09; 2015-12-18; 2016-12-14; 2017-12-18; 2018-12-19; 2019-12-10; 2020-12-16; 2021-12-08; 2022-12-15; 2023-12-11; 2024-12-10; 2025-12-10,2012-12-18,2012-12-18,0.006936,0.047546,-0.018188,0.005271,0.030915,-0.012642,2025-12-10 至 2025-12-11,2026年11-12月,按历届规律推断
综合,T-5,央行货币政策委员会例会,4,10,14,0.2857142857142857,0.7142857142857143,0.2142857142857143,mostly_down,2022-06-24; 2022-09-29; 2022-12-28; 2023-03-30; 2023-06-28; 2023-09-25; 2023-12-27; 2024-03-29; 2024-06-28; 2024-09-26; 2024-12-26; 2025-06-23; 2025-09-23; 2025-12-18,2022-06-17,2022-06-17,-0.000348,0.036249,-0.043064,-0.002223,0.017182,-0.037499,2025-12-18 至 2025-12-18,2026年一季度（约3月末）,每季度一次
钢铁,T+1,中央政治局会议,10,4,14,0.7142857142857143,0.2857142857142857,0.2142857142857143,mostly_up,2022-04-29; 2022-07-28; 2022-12-06; 2023-04-28; 2023-07-24; 2023-10-27; 2023-12-08; 2024-04-30; 2024-07-26; 2024-09-26; 2024-12-06; 2025-04-25; 2025-07-25; 2025-12-08,2022-05-05,2022-05-05,0.003626,0.027296,-0.024707,0.008689,0.062655,-0.029313,2025-12-08 至 2025-12-08,2026年4月下旬,约每季度一次
计算机,T+5,中国国际进口博览会,5,2,7,0.7142857142857143,0.2857142857142857,0.2142857142857143,mostly_up,2018-11-05; 2019-11-05; 2020-11-05; 2021-11-05; 2022-11-05; 2023-11-05; 2024-11-05,2018-11-06,2018-11-12,0.018103,0.072967,-0.01749,0.015909,0.074576,-0.035545,2025-11-05 至 2025-11-10,2026年11-12月,按历届规律推断
计算机,T-1,中央政治局会议,10,4,14,0.7142857142857143,0.2857142857142857,0.2142857142857143,mostly_up,2022-04-29; 2022-07-28; 2022-12-06; 2023-04-28; 2023-07-24; 2023-10-27; 2023-12-08; 2024-04-30; 2024-07-26; 2024-09-26; 2024-12-06; 2025-04-25; 2025-07-25; 2025-12-08,2022-04-28,2022-04-28,0.004679,0.028896,-0.023588,0.012149,0.058302,-0.042185,2025-12-08 至 2025-12-08,2026年4月下旬,约每季度一次
计算机,T-5,中央政治局会议,10,4,14,0.7142857142857143,0.2857142857142857,0.2142857142857143,mostly_up,2022-04-29; 2022-07-28; 2022-12-06; 2023-04-28; 2023-07-24; 2023-10-27; 2023-12-08; 2024-04-30; 2024-07-26; 2024-09-26; 2024-12-06; 2025-04-25; 2025-07-25; 2025-12-08,2022-04-22,2022-04-22,0.001836,0.030993,-0.057458,0.006756,0.027102,-0.037033,2025-12-08 至 2025-12-08,2026年4月下旬,约每季度一次
综合,T+1,央行货币政策委员会例会,10,4,14,0.7142857142857143,0.2857142857142857,0.2142857142857143,mostly_up,2022-06-24; 2022-09-29; 2022-12-28; 2023-03-30; 2023-06-28; 2023-09-25; 2023-12-27; 2024-03-29; 2024-06-28; 2024-09-26; 2024-12-26; 2025-06-23; 2025-09-23; 2025-12-18,2022-06-27,2022-06-27,0.010552,0.039897,-0.009872,0.012198,0.062343,-0.023814,2025-12-18 至 2025-12-18,2026年一季度（约3月末）,每季度一次
综合,T+1,中央政治局会议,10,4,14,0.7142857142857143,0.2857142857142857,0.2142857142857143,mostly_up,2022-04-29; 2022-07-28; 2022-12-06; 2023-04-28; 2023-07-24; 2023-10-27; 2023-12-08; 2024-04-30; 2024-07-26; 2024-09-26; 2024-12-06; 2025-04-25; 2025-07-25; 2025-12-08,2022-05-05,2022-05-05,0.010502,0.039897,-0.025562,0.016801,0.062343,-0.025029,2025-12-08 至 2025-12-08,2026年4月下旬,约每季度一次
综合,T,中央政治局会议,10,4,14,0.7142857142857143,0.2857142857142857,0.2142857142857143,mostly_up,2022-04-29; 2022-07-28; 2022-12-06; 2023-04-28; 2023-07-24; 2023-10-27; 2023-12-08; 2024-04-30; 2024-07-26; 2024-09-26; 2024-12-06; 2025-04-25; 2025-07-25; 2025-12-08,2022-04-29,2022-04-29,0.007899,0.04121,-0.015474,0.015993,0.052998,-0.013155,2025-12-08 至 2025-12-08,2026年4月下旬,约每季度一次
综合,T,中国国际进口博览会,5,2,7,0.7142857142857143,0.2857142857142857,0.2142857142857143,mostly_up,2018-11-05; 2019-11-05; 2020-11-05; 2021-11-05; 2022-11-05; 2023-11-05; 2024-11-05,2018-11-05,2018-11-05,0.009105,0.025203,-0.01425,0.017717,0.042887,-0.005964,2025-11-05 至 2025-11-10,2026年11-12月,按历届规律推断
非银行金融,T-1,中国国际进口博览会,5,2,7,0.7142857142857143,0.2857142857142857,0.2142857142857143,mostly_up,2018-11-05; 2019-11-05; 2020-11-05; 2021-11-05; 2022-11-05; 2023-11-05; 2024-11-05,2018-11-02,2018-11-02,0.015284,0.037063,-0.004846,0.013413,0.031341,-0.002821,2025-11-05 至 2025-11-10,2026年11-12月,按历届规律推断
轻工制造,T+1,央行货币政策委员会例会,10,4,14,0.7142857142857143,0.2857142857142857,0.2142857142857143,mostly_up,2022-06-24; 2022-09-29; 2022-12-28; 2023-03-30; 2023-06-28; 2023-09-25; 2023-12-27; 2024-03-29; 2024-06-28; 2024-09-26; 2024-12-26; 2025-06-23; 2025-09-23; 2025-12-18,2022-06-27,2022-06-27,0.010248,0.046831,-0.012478,0.014677,0.081809,-0.029956,2025-12-18 至 2025-12-18,2026年一季度（约3月末）,每季度一次
非银行金融,T-5,中国国际进口博览会,2,5,7,0.2857142857142857,0.7142857142857143,0.2142857142857143,mostly_down,2018-11-05; 2019-11-05; 2020-11-05; 2021-11-05; 2022-11-05; 2023-11-05; 2024-11-05,2018-10-29,2018-10-29,-0.008698,0.000566,-0.032391,-0.007566,0.014721,-0.051659,2025-11-05 至 2025-11-10,2026年11-12月,按历届规律推断
非银行金融,T-5,中央经济工作会议,10,4,14,0.7142857142857143,0.2857142857142857,0.2142857142857143,mostly_up,2012-12-15; 2013-12-10; 2014-12-09; 2015-12-18; 2016-12-14; 2017-12-18; 2018-12-19; 2019-12-10; 2020-12-16; 2021-12-08; 2022-12-15; 2023-12-11; 2024-12-10; 2025-12-10,2012-12-10,2012-12-10,0.007503,0.076029,-0.021352,0.012233,0.077225,-0.030884,2025-12-10 至 2025-12-11,2026年11-12月,按历届规律推断
非银行金融,T-1,中央政治局会议,10,4,14,0.7142857142857143,0.2857142857142857,0.2142857142857143,mostly_up,2022-04-29; 2022-07-28; 2022-12-06; 2023-04-28; 2023-07-24; 2023-10-27; 2023-12-08; 2024-04-30; 2024-07-26; 2024-09-26; 2024-12-06; 2025-04-25; 2025-07-25; 2025-12-08,2022-04-28,2022-04-28,0.011725,0.043608,-0.017237,0.015893,0.046281,-0.011143,2025-12-08 至 2025-12-08,2026年4月下旬,约每季度一次
纺织服装,T-1,中国国际进口博览会,5,2,7,0.7142857142857143,0.2857142857142857,0.2142857142857143,mostly_up,2018-11-05; 2019-11-05; 2020-11-05; 2021-11-05; 2022-11-05; 2023-11-05; 2024-11-05,2018-11-02,2018-11-02,0.008623,0.025702,-0.004772,0.007684,0.021656,-0.010524,2025-11-05 至 2025-11-10,2026年11-12月,按历届规律推断
轻工制造,T-1,中央政治局会议,10,4,14,0.7142857142857143,0.2857142857142857,0.2142857142857143,mostly_up,2022-04-29; 2022-07-28; 2022-12-06; 2023-04-28; 2023-07-24; 2023-10-27; 2023-12-08; 2024-04-30; 2024-07-26; 2024-09-26; 2024-12-06; 2025-04-25; 2025-07-25; 2025-12-08,2022-04-28,2022-04-28,0.004504,0.027587,-0.017521,0.009377,0.040821,-0.011262,2025-12-08 至 2025-12-08,2026年4月下旬,约每季度一次
通信,T,中国国际进口博览会,5,2,7,0.7142857142857143,0.2857142857142857,0.2142857142857143,mostly_up,2018-11-05; 2019-11-05; 2020-11-05; 2021-11-05; 2022-11-05; 2023-11-05; 2024-11-05,2018-11-05,2018-11-05,0.014046,0.05323,-0.006201,0.023492,0.052188,0.001057,2025-11-05 至 2025-11-10,2026年11-12月,按历届规律推断
钢铁,T,中国国际进口博览会,5,2,7,0.7142857142857143,0.2857142857142857,0.2142857142857143,mostly_up,2018-11-05; 2019-11-05; 2020-11-05; 2021-11-05; 2022-11-05; 2023-11-05; 2024-11-05,2018-11-05,2018-11-05,0.006244,0.034452,-0.033095,0.009857,0.039136,-0.026967,2025-11-05 至 2025-11-10,2026年11-12月,按历届规律推断
钢铁,T+1,中国国际进口博览会,5,2,7,0.7142857142857143,0.2857142857142857,0.2142857142857143,mostly_up,2018-11-05; 2019-11-05; 2020-11-05; 2021-11-05; 2022-11-05; 2023-11-05; 2024-11-05,2018-11-06,2018-11-06,0.005218,0.026127,-0.004399,0.012201,0.048654,-0.007053,2025-11-05 至 2025-11-10,2026年11-12月,按历届规律推断
轻工制造,T,中央政治局会议,10,4,14,0.7142857142857143,0.2857142857142857,0.2142857142857143,mostly_up,2022-04-29; 2022-07-28; 2022-12-06; 2023-04-28; 2023-07-24; 2023-10-27; 2023-12-08; 2024-04-30; 2024-07-26; 2024-09-26; 2024-12-06; 2025-04-25; 2025-07-25; 2025-12-08,2022-04-29,2022-04-29,0.009318,0.048979,-0.015398,0.013578,0.05508,-0.017895,2025-12-08 至 2025-12-08,2026年4月下旬,约每季度一次
交通运输,T,中国国际进口博览会,5,2,7,0.7142857142857143,0.2857142857142857,0.2142857142857143,mostly_up,2018-11-05; 2019-11-05; 2020-11-05; 2021-11-05; 2022-11-05; 2023-11-05; 2024-11-05,2018-11-05,2018-11-05,0.002937,0.017752,-0.012249,0.012173,0.034923,-0.012433,2025-11-05 至 2025-11-10,2026年11-12月,按历届规律推断
电力及公用事业,T-5,央行货币政策委员会例会,4,10,14,0.2857142857142857,0.7142857142857143,0.2142857142857143,mostly_down,2022-06-24; 2022-09-29; 2022-12-28; 2023-03-30; 2023-06-28; 2023-09-25; 2023-12-27; 2024-03-29; 2024-06-28; 2024-09-26; 2024-12-26; 2025-06-23; 2025-09-23; 2025-12-18,2022-06-17,2022-06-17,-0.001428,0.008485,-0.011362,-5.1e-05,0.021216,-0.011697,2025-12-18 至 2025-12-18,2026年一季度（约3月末）,每季度一次
商贸零售,T-5,中国国际进口博览会,2,5,7,0.2857142857142857,0.7142857142857143,0.2142857142857143,mostly_down,2018-11-05; 2019-11-05; 2020-11-05; 2021-11-05; 2022-11-05; 2023-11-05; 2024-11-05,2018-10-29,2018-10-29,-0.003929,0.024552,-0.020949,0.004763,0.033501,-0.024949,2025-11-05 至 2025-11-10,2026年11-12月,按历届规律推断
医药,T-1,中央政治局会议,10,4,14,0.7142857142857143,0.2857142857142857,0.2142857142857143,mostly_up,2022-04-29; 2022-07-28; 2022-12-06; 2023-04-28; 2023-07-24; 2023-10-27; 2023-12-08; 2024-04-30; 2024-07-26; 2024-09-26; 2024-12-06; 2025-04-25; 2025-07-25; 2025-12-08,2022-04-28,2022-04-28,0.005286,0.020428,-0.010819,0.008289,0.039638,-0.012026,2025-12-08 至 2025-12-08,2026年4月下旬,约每季度一次
医药,T-5,中国国际进口博览会,5,2,7,0.7142857142857143,0.2857142857142857,0.2142857142857143,mostly_up,2018-11-05; 2019-11-05; 2020-11-05; 2021-11-05; 2022-11-05; 2023-11-05; 2024-11-05,2018-10-29,2018-10-29,0.002799,0.025121,-0.0236,0.012219,0.07086,-0.029743,2025-11-05 至 2025-11-10,2026年11-12月,按历届规律推断
商贸零售,T,中国国际进口博览会,5,2,7,0.7142857142857143,0.2857142857142857,0.2142857142857143,mostly_up,2018-11-05; 2019-11-05; 2020-11-05; 2021-11-05; 2022-11-05; 2023-11-05; 2024-11-05,2018-11-05,2018-11-05,0.008883,0.032724,-0.009692,0.018544,0.046489,-0.005469,2025-11-05 至 2025-11-10,2026年11-12月,按历届规律推断
商贸零售,T+1,央行货币政策委员会例会,10,4,14,0.7142857142857143,0.2857142857142857,0.2142857142857143,mostly_up,2022-06-24; 2022-09-29; 2022-12-28; 2023-03-30; 2023-06-28; 2023-09-25; 2023-12-27; 2024-03-29; 2024-06-28; 2024-09-26; 2024-12-26; 2025-06-23; 2025-09-23; 2025-12-18,2022-06-27,2022-06-27,0.013708,0.049124,-0.010038,0.016209,0.072899,-0.031124,2025-12-18 至 2025-12-18,2026年一季度（约3月末）,每季度一次
商贸零售,T+5,中国国际进口博览会,2,5,7,0.2857142857142857,0.7142857142857143,0.2142857142857143,mostly_down,2018-11-05; 2019-11-05; 2020-11-05; 2021-11-05; 2022-11-05; 2023-11-05; 2024-11-05,2018-11-06,2018-11-12,0.001413,0.047645,-0.025261,0.000614,0.06972,-0.03699,2025-11-05 至 2025-11-10,2026年11-12月,按历届规律推断
商贸零售,T-1,中国国际进口博览会,5,2,7,0.7142857142857143,0.2857142857142857,0.2142857142857143,mostly_up,2018-11-05; 2019-11-05; 2020-11-05; 2021-11-05; 2022-11-05; 2023-11-05; 2024-11-05,2018-11-02,2018-11-02,0.010889,0.039328,-0.007995,0.013585,0.058199,-0.009439,2025-11-05 至 2025-11-10,2026年11-12月,按历届规律推断
国防军工,T+1,中国国际进口博览会,5,2,7,0.7142857142857143,0.2857142857142857,0.2142857142857143,mostly_up,2018-11-05; 2019-11-05; 2020-11-05; 2021-11-05; 2022-11-05; 2023-11-05; 2024-11-05,2018-11-06,2018-11-06,0.001486,0.016236,-0.017361,0.004078,0.042557,-0.017027,2025-11-05 至 2025-11-10,2026年11-12月,按历届规律推断
电力及公用事业,T-5,中央经济工作会议,10,4,14,0.7142857142857143,0.2857142857142857,0.2142857142857143,mostly_up,2012-12-15; 2013-12-10; 2014-12-09; 2015-12-18; 2016-12-14; 2017-12-18; 2018-12-19; 2019-12-10; 2020-12-16; 2021-12-08; 2022-12-15; 2023-12-11; 2024-12-10; 2025-12-10,2012-12-10,2012-12-10,0.005456,0.023617,-0.010748,0.006127,0.024285,-0.015389,2025-12-10 至 2025-12-11,2026年11-12月,按历届规律推断
国防军工,T-1,中央政治局会议,10,4,14,0.7142857142857143,0.2857142857142857,0.2142857142857143,mostly_up,2022-04-29; 2022-07-28; 2022-12-06; 2023-04-28; 2023-07-24; 2023-10-27; 2023-12-08; 2024-04-30; 2024-07-26; 2024-09-26; 2024-12-06; 2025-04-25; 2025-07-25; 2025-12-08,2022-04-28,2022-04-28,0.007942,0.022101,-0.008938,0.019469,0.093258,-0.020269,2025-12-08 至 2025-12-08,2026年4月下旬,约每季度一次
基础化工,T+1,央行货币政策委员会例会,10,4,14,0.7142857142857143,0.2857142857142857,0.2142857142857143,mostly_up,2022-06-24; 2022-09-29; 2022-12-28; 2023-03-30; 2023-06-28; 2023-09-25; 2023-12-27; 2024-03-29; 2024-06-28; 2024-09-26; 2024-12-26; 2025-06-23; 2025-09-23; 2025-12-18,2022-06-27,2022-06-27,0.011934,0.048747,-0.010425,0.015668,0.071239,-0.014458,2025-12-18 至 2025-12-18,2026年一季度（约3月末）,每季度一次
基础化工,T+5,央行货币政策委员会例会,10,4,14,0.7142857142857143,0.2857142857142857,0.2142857142857143,mostly_up,2022-06-24; 2022-09-29; 2022-12-28; 2023-03-30; 2023-06-28; 2023-09-25; 2023-12-27; 2024-03-29; 2024-06-28; 2024-09-26; 2024-12-26; 2025-06-23; 2025-09-23; 2025-12-18,2022-06-27,2022-07-01,0.008009,0.056353,-0.062918,0.008998,0.043975,-0.059822,2025-12-18 至 2025-12-18,2026年一季度（约3月末）,每季度一次
基础化工,T-5,中国国际进口博览会,2,5,7,0.2857142857142857,0.7142857142857143,0.2142857142857143,mostly_down,2018-11-05; 2019-11-05; 2020-11-05; 2021-11-05; 2022-11-05; 2023-11-05; 2024-11-05,2018-10-29,2018-10-29,-0.007315,0.012126,-0.022464,-0.0046,0.041013,-0.032422,2025-11-05 至 2025-11-10,2026年11-12月,按历届规律推断
家电,T,中央政治局会议,10,4,14,0.7142857142857143,0.2857142857142857,0.2142857142857143,mostly_up,2022-04-29; 2022-07-28; 2022-12-06; 2023-04-28; 2023-07-24; 2023-10-27; 2023-12-08; 2024-04-30; 2024-07-26; 2024-09-26; 2024-12-06; 2025-04-25; 2025-07-25; 2025-12-08,2022-04-29,2022-04-29,0.013961,0.05753,-0.010808,0.014974,0.055875,-0.012203,2025-12-08 至 2025-12-08,2026年4月下旬,约每季度一次
家电,T+1,中国国际进口博览会,2,5,7,0.2857142857142857,0.7142857142857143,0.2142857142857143,mostly_down,2018-11-05; 2019-11-05; 2020-11-05; 2021-11-05; 2022-11-05; 2023-11-05; 2024-11-05,2018-11-06,2018-11-06,-0.001577,0.033918,-0.020038,0.00437,0.0335,-0.010121,2025-11-05 至 2025-11-10,2026年11-12月,按历届规律推断
医药,T+5,央行货币政策委员会例会,10,4,14,0.7142857142857143,0.2857142857142857,0.2142857142857143,mostly_up,2022-06-24; 2022-09-29; 2022-12-28; 2023-03-30; 2023-06-28; 2023-09-25; 2023-12-27; 2024-03-29; 2024-06-28; 2024-09-26; 2024-12-26; 2025-06-23; 2025-09-23; 2025-12-18,2022-06-27,2022-07-01,0.007574,0.096943,-0.05562,0.008143,0.043582,-0.050283,2025-12-18 至 2025-12-18,2026年一季度（约3月末）,每季度一次
医药,T+1,中央政治局会议,10,4,14,0.7142857142857143,0.2857142857142857,0.2142857142857143,mostly_up,2022-04-29; 2022-07-28; 2022-12-06; 2023-04-28; 2023-07-24; 2023-10-27; 2023-12-08; 2024-04-30; 2024-07-26; 2024-09-26; 2024-12-06; 2025-04-25; 2025-07-25; 2025-12-08,2022-05-05,2022-05-05,0.009411,0.062823,-0.022282,0.01653,0.090961,-0.029871,2025-12-08 至 2025-12-08,2026年4月下旬,约每季度一次
医药,T,央行货币政策委员会例会,10,4,14,0.7142857142857143,0.2857142857142857,0.2142857142857143,mostly_up,2022-06-24; 2022-09-29; 2022-12-28; 2023-03-30; 2023-06-28; 2023-09-25; 2023-12-27; 2024-03-29; 2024-06-28; 2024-09-26; 2024-12-26; 2025-06-23; 2025-09-23; 2025-12-18,2022-06-24,2022-06-24,0.005681,0.041227,-0.019315,0.004777,0.048216,-0.022905,2025-12-18 至 2025-12-18,2026年一季度（约3月末）,每季度一次
医药,T,中央政治局会议,10,4,14,0.7142857142857143,0.2857142857142857,0.2142857142857143,mostly_up,2022-04-29; 2022-07-28; 2022-12-06; 2023-04-28; 2023-07-24; 2023-10-27; 2023-12-08; 2024-04-30; 2024-07-26; 2024-09-26; 2024-12-06; 2025-04-25; 2025-07-25; 2025-12-08,2022-04-29,2022-04-29,0.008974,0.041227,-0.012891,0.014473,0.057048,-0.014818,2025-12-08 至 2025-12-08,2026年4月下旬,约每季度一次
农林牧渔,T-5,中国国际进口博览会,5,2,7,0.7142857142857143,0.2857142857142857,0.2142857142857143,mostly_up,2018-11-05; 2019-11-05; 2020-11-05; 2021-11-05; 2022-11-05; 2023-11-05; 2024-11-05,2018-10-29,2018-10-29,0.008022,0.029371,-0.01653,0.016211,0.050648,-0.01534,2025-11-05 至 2025-11-10,2026年11-12月,按历届规律推断
农林牧渔,T+5,中国国际进口博览会,5,2,7,0.7142857142857143,0.2857142857142857,0.2142857142857143,mostly_up,2018-11-05; 2019-11-05; 2020-11-05; 2021-11-05; 2022-11-05; 2023-11-05; 2024-11-05,2018-11-06,2018-11-12,0.000906,0.020267,-0.012719,-0.001348,0.025952,-0.033582,2025-11-05 至 2025-11-10,2026年11-12月,按历届规律推断
农林牧渔,T+1,中央经济工作会议,10,4,14,0.7142857142857143,0.2857142857142857,0.2142857142857143,mostly_up,2012-12-15; 2013-12-10; 2014-12-09; 2015-12-18; 2016-12-14; 2017-12-18; 2018-12-19; 2019-12-10; 2020-12-16; 2021-12-08; 2022-12-15; 2023-12-11; 2024-12-10; 2025-12-10,2012-12-18,2012-12-18,0.006413,0.034832,-0.010534,0.002793,0.020388,-0.025516,2025-12-10 至 2025-12-11,2026年11-12月,按历届规律推断
农林牧渔,T,中国国际进口博览会,5,2,7,0.7142857142857143,0.2857142857142857,0.2142857142857143,mostly_up,2018-11-05; 2019-11-05; 2020-11-05; 2021-11-05; 2022-11-05; 2023-11-05; 2024-11-05,2018-11-05,2018-11-05,0.005214,0.017155,-0.018581,0.011307,0.028195,-0.006461,2025-11-05 至 2025-11-10,2026年11-12月,按历届规律推断
传媒,T-1,中国国际进口博览会,5,2,7,0.7142857142857143,0.2857142857142857,0.2142857142857143,mostly_up,2018-11-05; 2019-11-05; 2020-11-05; 2021-11-05; 2022-11-05; 2023-11-05; 2024-11-05,2018-11-02,2018-11-02,0.011125,0.033786,-0.009533,0.014255,0.026916,-0.01488,2025-11-05 至 2025-11-10,2026年11-12月,按历届规律推断
传媒,T+5,中国国际进口博览会,5,2,7,0.7142857142857143,0.2857142857142857,0.2142857142857143,mostly_up,2018-11-05; 2019-11-05; 2020-11-05; 2021-11-05; 2022-11-05; 2023-11-05; 2024-11-05,2018-11-06,2018-11-12,0.006658,0.029397,-0.019409,0.011792,0.0497,-0.035549,2025-11-05 至 2025-11-10,2026年11-12月,按历届规律推断
传媒,T+1,中央经济工作会议,10,4,14,0.7142857142857143,0.2857142857142857,0.2142857142857143,mostly_up,2012-12-15; 2013-12-10; 2014-12-09; 2015-12-18; 2016-12-14; 2017-12-18; 2018-12-19; 2019-12-10; 2020-12-16; 2021-12-08; 2022-12-15; 2023-12-11; 2024-12-10; 2025-12-10,2012-12-18,2012-12-18,0.005974,0.058346,-0.021231,0.00625,0.044753,-0.014236,2025-12-10 至 2025-12-11,2026年11-12月,按历届规律推断
传媒,T+1,中央政治局会议,10,4,14,0.7142857142857143,0.2857142857142857,0.2142857142857143,mostly_up,2022-04-29; 2022-07-28; 2022-12-06; 2023-04-28; 2023-07-24; 2023-10-27; 2023-12-08; 2024-04-30; 2024-07-26; 2024-09-26; 2024-12-06; 2025-04-25; 2025-07-25; 2025-12-08,2022-05-05,2022-05-05,0.012622,0.058112,-0.01162,0.027083,0.13394,-0.017326,2025-12-08 至 2025-12-08,2026年4月下旬,约每季度一次
交通运输,T-5,中国国际进口博览会,2,5,7,0.2857142857142857,0.7142857142857143,0.2142857142857143,mostly_down,2018-11-05; 2019-11-05; 2020-11-05; 2021-11-05; 2022-11-05; 2023-11-05; 2024-11-05,2018-10-29,2018-10-29,-0.008518,0.017627,-0.024878,-0.004691,0.017344,-0.037722,2025-11-05 至 2025-11-10,2026年11-12月,按历届规律推断
交通运输,T-1,中央政治局会议,10,4,14,0.7142857142857143,0.2857142857142857,0.2142857142857143,mostly_up,2022-04-29; 2022-07-28; 2022-12-06; 2023-04-28; 2023-07-24; 2023-10-27; 2023-12-08; 2024-04-30; 2024-07-26; 2024-09-26; 2024-12-06; 2025-04-25; 2025-07-25; 2025-12-08,2022-04-28,2022-04-28,0.004708,0.031752,-0.004546,0.00699,0.027401,-0.007542,2025-12-08 至 2025-12-08,2026年4月下旬,约每季度一次
交通运输,T+5,中央经济工作会议,4,10,14,0.2857142857142857,0.7142857142857143,0.2142857142857143,mostly_down,2012-12-15; 2013-12-10; 2014-12-09; 2015-12-18; 2016-12-14; 2017-12-18; 2018-12-19; 2019-12-10; 2020-12-16; 2021-12-08; 2022-12-15; 2023-12-11; 2024-12-10; 2025-12-10,2012-12-18,2012-12-24,-0.003222,0.033808,-0.032837,0.003891,0.052931,-0.028547,2025-12-10 至 2025-12-11,2026年11-12月,按历届规律推断
交通运输,T+1,央行货币政策委员会例会,10,4,14,0.7142857142857143,0.2857142857142857,0.2142857142857143,mostly_up,2022-06-24; 2022-09-29; 2022-12-28; 2023-03-30; 2023-06-28; 2023-09-25; 2023-12-27; 2024-03-29; 2024-06-28; 2024-09-26; 2024-12-26; 2025-06-23; 2025-09-23; 2025-12-18,2022-06-27,2022-06-27,0.004562,0.031383,-0.015061,0.007745,0.054545,-0.027979,2025-12-18 至 2025-12-18,2026年一季度（约3月末）,每季度一次
交通运输,T+1,中央经济工作会议,10,4,14,0.7142857142857143,0.2857142857142857,0.2142857142857143,mostly_up,2012-12-15; 2013-12-10; 2014-12-09; 2015-12-18; 2016-12-14; 2017-12-18; 2018-12-19; 2019-12-10; 2020-12-16; 2021-12-08; 2022-12-15; 2023-12-11; 2024-12-10; 2025-12-10,2012-12-18,2012-12-18,0.005982,0.056548,-0.015384,0.004124,0.021497,-0.01364,2025-12-10 至 2025-12-11,2026年11-12月,按历届规律推断
建材,T-5,中国国际进口博览会,2,5,7,0.2857142857142857,0.7142857142857143,0.2142857142857143,mostly_down,2018-11-05; 2019-11-05; 2020-11-05; 2021-11-05; 2022-11-05; 2023-11-05; 2024-11-05,2018-10-29,2018-10-29,-0.008803,0.013634,-0.022769,-0.002393,0.024822,-0.045712,2025-11-05 至 2025-11-10,2026年11-12月,按历届规律推断
建筑,T,中央政治局会议,10,4,14,0.7142857142857143,0.2857142857142857,0.2142857142857143,mostly_up,2022-04-29; 2022-07-28; 2022-12-06; 2023-04-28; 2023-07-24; 2023-10-27; 2023-12-08; 2024-04-30; 2024-07-26; 2024-09-26; 2024-12-06; 2025-04-25; 2025-07-25; 2025-12-08,2022-04-29,2022-04-29,0.004712,0.043721,-0.021704,0.016359,0.065331,-0.011754,2025-12-08 至 2025-12-08,2026年4月下旬,约每季度一次
建筑,T+5,中国国际进口博览会,5,2,7,0.7142857142857143,0.2857142857142857,0.2142857142857143,mostly_up,2018-11-05; 2019-11-05; 2020-11-05; 2021-11-05; 2022-11-05; 2023-11-05; 2024-11-05,2018-11-06,2018-11-12,0.002834,0.025443,-0.028749,0.00134,0.034193,-0.036713,2025-11-05 至 2025-11-10,2026年11-12月,按历届规律推断
汽车,T+1,中央政治局会议,10,4,14,0.7142857142857143,0.2857142857142857,0.2142857142857143,mostly_up,2022-04-29; 2022-07-28; 2022-12-06; 2023-04-28; 2023-07-24; 2023-10-27; 2023-12-08; 2024-04-30; 2024-07-26; 2024-09-26; 2024-12-06; 2025-04-25; 2025-07-25; 2025-12-08,2022-05-05,2022-05-05,0.009396,0.042098,-0.01588,0.013663,0.065211,-0.010563,2025-12-08 至 2025-12-08,2026年4月下旬,约每季度一次
电力及公用事业,T-5,中国国际进口博览会,2,5,7,0.2857142857142857,0.7142857142857143,0.2142857142857143,mostly_down,2018-11-05; 2019-11-05; 2020-11-05; 2021-11-05; 2022-11-05; 2023-11-05; 2024-11-05,2018-10-29,2018-10-29,-0.006121,0.002001,-0.012679,-0.005307,0.01265,-0.027819,2025-11-05 至 2025-11-10,2026年11-12月,按历届规律推断
电力及公用事业,T-1,中央政治局会议,10,4,14,0.7142857142857143,0.2857142857142857,0.2142857142857143,mostly_up,2022-04-29; 2022-07-28; 2022-12-06; 2023-04-28; 2023-07-24; 2023-10-27; 2023-12-08; 2024-04-30; 2024-07-26; 2024-09-26; 2024-12-06; 2025-04-25; 2025-07-25; 2025-12-08,2022-04-28,2022-04-28,0.003193,0.01643,-0.006951,0.009118,0.044229,-0.013929,2025-12-08 至 2025-12-08,2026年4月下旬,约每季度一次
电力及公用事业,T+5,央行货币政策委员会例会,10,4,14,0.7142857142857143,0.2857142857142857,0.2142857142857143,mostly_up,2022-06-24; 2022-09-29; 2022-12-28; 2023-03-30; 2023-06-28; 2023-09-25; 2023-12-27; 2024-03-29; 2024-06-28; 2024-09-26; 2024-12-26; 2025-06-23; 2025-09-23; 2025-12-18,2022-06-27,2022-07-01,0.008799,0.048093,-0.053897,0.005124,0.054813,-0.047996,2025-12-18 至 2025-12-18,2026年一季度（约3月末）,每季度一次
电力及公用事业,T+1,中央政治局会议,10,4,14,0.7142857142857143,0.2857142857142857,0.2142857142857143,mostly_up,2022-04-29; 2022-07-28; 2022-12-06; 2023-04-28; 2023-07-24; 2023-10-27; 2023-12-08; 2024-04-30; 2024-07-26; 2024-09-26; 2024-12-06; 2025-04-25; 2025-07-25; 2025-12-08,2022-05-05,2022-05-05,0.00516,0.021528,-0.0103,0.007315,0.029231,-0.021361,2025-12-08 至 2025-12-08,2026年4月下旬,约每季度一次
电力及公用事业,T,中央政治局会议,10,4,14,0.7142857142857143,0.2857142857142857,0.2142857142857143,mostly_up,2022-04-29; 2022-07-28; 2022-12-06; 2023-04-28; 2023-07-24; 2023-10-27; 2023-12-08; 2024-04-30; 2024-07-26; 2024-09-26; 2024-12-06; 2025-04-25; 2025-07-25; 2025-12-08,2022-04-29,2022-04-29,0.002848,0.016441,-0.014366,0.007551,0.030377,-0.006625,2025-12-08 至 2025-12-08,2026年4月下旬,约每季度一次
电力及公用事业,T,中国国际进口博览会,5,2,7,0.7142857142857143,0.2857142857142857,0.2142857142857143,mostly_up,2018-11-05; 2019-11-05; 2020-11-05; 2021-11-05; 2022-11-05; 2023-11-05; 2024-11-05,2018-11-05,2018-11-05,-0.00076,0.015469,-0.038405,0.005738,0.023845,-0.023842,2025-11-05 至 2025-11-10,2026年11-12月,按历届规律推断
煤炭,T-1,中国国际进口博览会,5,2,7,0.7142857142857143,0.2857142857142857,0.2142857142857143,mostly_up,2018-11-05; 2019-11-05; 2020-11-05; 2021-11-05; 2022-11-05; 2023-11-05; 2024-11-05,2018-11-02,2018-11-02,0.008192,0.038002,-0.010462,0.014179,0.04098,-0.007453,2025-11-05 至 2025-11-10,2026年11-12月,按历届规律推断
煤炭,T+5,中央经济工作会议,4,10,14,0.2857142857142857,0.7142857142857143,0.2142857142857143,mostly_down,2012-12-15; 2013-12-10; 2014-12-09; 2015-12-18; 2016-12-14; 2017-12-18; 2018-12-19; 2019-12-10; 2020-12-16; 2021-12-08; 2022-12-15; 2023-12-11; 2024-12-10; 2025-12-10,2012-12-18,2012-12-24,-0.00876,0.030815,-0.058683,0.001533,0.071786,-0.0486,2025-12-10 至 2025-12-11,2026年11-12月,按历届规律推断
煤炭,T+5,中国国际进口博览会,2,5,7,0.2857142857142857,0.7142857142857143,0.2142857142857143,mostly_down,2018-11-05; 2019-11-05; 2020-11-05; 2021-11-05; 2022-11-05; 2023-11-05; 2024-11-05,2018-11-06,2018-11-12,-0.00633,0.039678,-0.036138,-0.005427,0.052506,-0.039043,2025-11-05 至 2025-11-10,2026年11-12月,按历届规律推断
消费者服务,T+5,中国国际进口博览会,5,2,7,0.7142857142857143,0.2857142857142857,0.2142857142857143,mostly_up,2018-11-05; 2019-11-05; 2020-11-05; 2021-11-05; 2022-11-05; 2023-11-05; 2024-11-05,2018-11-06,2018-11-12,0.004984,0.034766,-0.033046,-0.002345,0.052261,-0.04107,2025-11-05 至 2025-11-10,2026年11-12月,按历届规律推断
消费者服务,T+1,中央经济工作会议,10,4,14,0.7142857142857143,0.2857142857142857,0.2142857142857143,mostly_up,2012-12-15; 2013-12-10; 2014-12-09; 2015-12-18; 2016-12-14; 2017-12-18; 2018-12-19; 2019-12-10; 2020-12-16; 2021-12-08; 2022-12-15; 2023-12-11; 2024-12-10; 2025-12-10,2012-12-18,2012-12-18,0.010429,0.048634,-0.015192,0.013572,0.057615,-0.008246,2025-12-10 至 2025-12-11,2026年11-12月,按历届规律推断
消费者服务,T+1,中国国际进口博览会,2,5,7,0.2857142857142857,0.7142857142857143,0.2142857142857143,mostly_down,2018-11-05; 2019-11-05; 2020-11-05; 2021-11-05; 2022-11-05; 2023-11-05; 2024-11-05,2018-11-06,2018-11-06,-0.003887,0.011873,-0.013893,-0.001987,0.032842,-0.026135,2025-11-05 至 2025-11-10,2026年11-12月,按历届规律推断
汽车,T-5,中央政治局会议,4,10,14,0.2857142857142857,0.7142857142857143,0.2142857142857143,mostly_down,2022-04-29; 2022-07-28; 2022-12-06; 2023-04-28; 2023-07-24; 2023-10-27; 2023-12-08; 2024-04-30; 2024-07-26; 2024-09-26; 2024-12-06; 2025-04-25; 2025-07-25; 2025-12-08,2022-04-22,2022-04-22,-0.001387,0.015294,-0.020917,-0.002928,0.023004,-0.033253,2025-12-08 至 2025-12-08,2026年4月下旬,约每季度一次
交通运输,T+1,中国国际进口博览会,2,5,7,0.2857142857142857,0.7142857142857143,0.2142857142857143,mostly_down,2018-11-05; 2019-11-05; 2020-11-05; 2021-11-05; 2022-11-05; 2023-11-05; 2024-11-05,2018-11-06,2018-11-06,-0.00187,0.013984,-0.010651,-2.4e-05,0.015638,-0.01212,2025-11-05 至 2025-11-10,2026年11-12月,按历届规律推断
汽车,T,中央政治局会议,10,4,14,0.7142857142857143,0.2857142857142857,0.2142857142857143,mostly_up,2022-04-29; 2022-07-28; 2022-12-06; 2023-04-28; 2023-07-24; 2023-10-27; 2023-12-08; 2024-04-30; 2024-07-26; 2024-09-26; 2024-12-06; 2025-04-25; 2025-07-25; 2025-12-08,2022-04-29,2022-04-29,0.008529,0.051504,-0.014302,0.012324,0.041147,-0.017175,2025-12-08 至 2025-12-08,2026年4月下旬,约每季度一次
建筑,T+5,央行货币政策委员会例会,10,4,14,0.7142857142857143,0.2857142857142857,0.2142857142857143,mostly_up,2022-06-24; 2022-09-29; 2022-12-28; 2023-03-30; 2023-06-28; 2023-09-25; 2023-12-27; 2024-03-29; 2024-06-28; 2024-09-26; 2024-12-26; 2025-06-23; 2025-09-23; 2025-12-18,2022-06-27,2022-07-01,0.007687,0.105563,-0.079814,0.005682,0.038565,-0.073473,2025-12-18 至 2025-12-18,2026年一季度（约3月末）,每季度一次
汽车,T,中国国际进口博览会,5,2,7,0.7142857142857143,0.2857142857142857,0.2142857142857143,mostly_up,2018-11-05; 2019-11-05; 2020-11-05; 2021-11-05; 2022-11-05; 2023-11-05; 2024-11-05,2018-11-05,2018-11-05,0.01333,0.050908,-0.002254,0.030797,0.057699,0.002493,2025-11-05 至 2025-11-10,2026年11-12月,按历届规律推断
有色金属,T-5,央行货币政策委员会例会,4,10,14,0.2857142857142857,0.7142857142857143,0.2142857142857143,mostly_down,2022-06-24; 2022-09-29; 2022-12-28; 2023-03-30; 2023-06-28; 2023-09-25; 2023-12-27; 2024-03-29; 2024-06-28; 2024-09-26; 2024-12-26; 2025-06-23; 2025-09-23; 2025-12-18,2022-06-17,2022-06-17,-0.001131,0.029648,-0.024193,-0.002336,0.032515,-0.026614,2025-12-18 至 2025-12-18,2026年一季度（约3月末）,每季度一次
有色金属,T-5,中国国际进口博览会,2,5,7,0.2857142857142857,0.7142857142857143,0.2142857142857143,mostly_down,2018-11-05; 2019-11-05; 2020-11-05; 2021-11-05; 2022-11-05; 2023-11-05; 2024-11-05,2018-10-29,2018-10-29,-0.005928,0.01087,-0.020432,-0.001452,0.03023,-0.029459,2025-11-05 至 2025-11-10,2026年11-12月,按历届规律推断
有色金属,T,中央政治局会议,10,4,14,0.7142857142857143,0.2857142857142857,0.2142857142857143,mostly_up,2022-04-29; 2022-07-28; 2022-12-06; 2023-04-28; 2023-07-24; 2023-10-27; 2023-12-08; 2024-04-30; 2024-07-26; 2024-09-26; 2024-12-06; 2025-04-25; 2025-07-25; 2025-12-08,2022-04-29,2022-04-29,0.008156,0.047906,-0.015301,0.012753,0.044408,-0.014477,2025-12-08 至 2025-12-08,2026年4月下旬,约每季度一次
有色金属,T,中国国际进口博览会,5,2,7,0.7142857142857143,0.2857142857142857,0.2142857142857143,mostly_up,2018-11-05; 2019-11-05; 2020-11-05; 2021-11-05; 2022-11-05; 2023-11-05; 2024-11-05,2018-11-05,2018-11-05,0.010338,0.033126,-0.007206,0.017388,0.047521,0.001168,2025-11-05 至 2025-11-10,2026年11-12月,按历届规律推断
房地产,T-5,央行货币政策委员会例会,4,10,14,0.2857142857142857,0.7142857142857143,0.2142857142857143,mostly_down,2022-06-24; 2022-09-29; 2022-12-28; 2023-03-30; 2023-06-28; 2023-09-25; 2023-12-27; 2024-03-29; 2024-06-28; 2024-09-26; 2024-12-26; 2025-06-23; 2025-09-23; 2025-12-18,2022-06-17,2022-06-17,-0.004967,0.027686,-0.030569,-0.002076,0.041581,-0.027991,2025-12-18 至 2025-12-18,2026年一季度（约3月末）,每季度一次
房地产,T-5,中央经济工作会议,10,4,14,0.7142857142857143,0.2857142857142857,0.2142857142857143,mostly_up,2012-12-15; 2013-12-10; 2014-12-09; 2015-12-18; 2016-12-14; 2017-12-18; 2018-12-19; 2019-12-10; 2020-12-16; 2021-12-08; 2022-12-15; 2023-12-11; 2024-12-10; 2025-12-10,2012-12-10,2012-12-10,0.004478,0.019323,-0.015334,0.006251,0.03656,-0.023068,2025-12-10 至 2025-12-11,2026年11-12月,按历届规律推断
房地产,T-1,中国国际进口博览会,2,5,7,0.2857142857142857,0.7142857142857143,0.2142857142857143,mostly_down,2018-11-05; 2019-11-05; 2020-11-05; 2021-11-05; 2022-11-05; 2023-11-05; 2024-11-05,2018-11-02,2018-11-02,0.003412,0.023665,-0.003745,0.003713,0.022242,-0.013447,2025-11-05 至 2025-11-10,2026年11-12月,按历届规律推断
房地产,T+5,中央经济工作会议,4,10,14,0.2857142857142857,0.7142857142857143,0.2142857142857143,mostly_down,2012-12-15; 2013-12-10; 2014-12-09; 2015-12-18; 2016-12-14; 2017-12-18; 2018-12-19; 2019-12-10; 2020-12-16; 2021-12-08; 2022-12-15; 2023-12-11; 2024-12-10; 2025-12-10,2012-12-18,2012-12-24,-0.012933,0.039741,-0.058043,0.000505,0.063573,-0.03631,2025-12-10 至 2025-12-11,2026年11-12月,按历届规律推断
房地产,T+1,央行货币政策委员会例会,10,4,14,0.7142857142857143,0.2857142857142857,0.2142857142857143,mostly_up,2022-06-24; 2022-09-29; 2022-12-28; 2023-03-30; 2023-06-28; 2023-09-25; 2023-12-27; 2024-03-29; 2024-06-28; 2024-09-26; 2024-12-26; 2025-06-23; 2025-09-23; 2025-12-18,2022-06-27,2022-06-27,0.013953,0.067765,-0.025112,0.013046,0.117117,-0.023033,2025-12-18 至 2025-12-18,2026年一季度（约3月末）,每季度一次
房地产,T+1,中央政治局会议,4,10,14,0.2857142857142857,0.7142857142857143,0.2142857142857143,mostly_down,2022-04-29; 2022-07-28; 2022-12-06; 2023-04-28; 2023-07-24; 2023-10-27; 2023-12-08; 2024-04-30; 2024-07-26; 2024-09-26; 2024-12-06; 2025-04-25; 2025-07-25; 2025-12-08,2022-05-05,2022-05-05,-0.000799,0.067765,-0.036647,0.005542,0.117117,-0.03676,2025-12-08 至 2025-12-08,2026年4月下旬,约每季度一次
房地产,T,中国国际进口博览会,5,2,7,0.7142857142857143,0.2857142857142857,0.2142857142857143,mostly_up,2018-11-05; 2019-11-05; 2020-11-05; 2021-11-05; 2022-11-05; 2023-11-05; 2024-11-05,2018-11-05,2018-11-05,0.013387,0.04185,-0.014451,0.014112,0.042603,-0.014219,2025-11-05 至 2025-11-10,2026年11-12月,按历届规律推断
建筑,T-5,中央经济工作会议,10,4,14,0.7142857142857143,0.2857142857142857,0.2142857142857143,mostly_up,2012-12-15; 2013-12-10; 2014-12-09; 2015-12-18; 2016-12-14; 2017-12-18; 2018-12-19; 2019-12-10; 2020-12-16; 2021-12-08; 2022-12-15; 2023-12-11; 2024-12-10; 2025-12-10,2012-12-10,2012-12-10,0.00541,0.020004,-0.011664,0.006086,0.029221,-0.018576,2025-12-10 至 2025-12-11,2026年11-12月,按历届规律推断
建筑,T-5,中国国际进口博览会,2,5,7,0.2857142857142857,0.7142857142857143,0.2142857142857143,mostly_down,2018-11-05; 2019-11-05; 2020-11-05; 2021-11-05; 2022-11-05; 2023-11-05; 2024-11-05,2018-10-29,2018-10-29,-0.007318,0.011468,-0.019442,-0.007472,0.005214,-0.033457,2025-11-05 至 2025-11-10,2026年11-12月,按历届规律推断
汽车,T-1,中央政治局会议,10,4,14,0.7142857142857143,0.2857142857142857,0.2142857142857143,mostly_up,2022-04-29; 2022-07-28; 2022-12-06; 2023-04-28; 2023-07-24; 2023-10-27; 2023-12-08; 2024-04-30; 2024-07-26; 2024-09-26; 2024-12-06; 2025-04-25; 2025-07-25; 2025-12-08,2022-04-28,2022-04-28,0.005381,0.016205,-0.008994,0.012917,0.051837,-0.023993,2025-12-08 至 2025-12-08,2026年4月下旬,约每季度一次
