meeting_family,window,industry,届数,平均涨跌幅,最大涨跌幅,最小涨跌幅,上涨次数,下跌次数,持平次数,上涨概率,下跌概率,持平概率,权重,权重_百分比
世界互联网大会,T,国防军工,11,-0.007436,0.004022,-0.032176,2,9,0,0.181818,0.818182,0.0,-0.00204417,-0.2044
世界互联网大会,T,家电,11,0.00418,0.02066,-0.009603,8,3,0,0.727273,0.272727,0.0,0.00114909,0.1149
世界互联网大会,T,建筑,11,-0.002569,0.036306,-0.04777,3,8,0,0.272727,0.727273,0.0,-0.00070622,-0.0706
世界互联网大会,T,煤炭,11,0.00092,0.051274,-0.028895,3,8,0,0.272727,0.727273,0.0,0.00025291,0.0253
世界互联网大会,T+1,医药,11,0.00042,0.023905,-0.012345,3,8,0,0.272727,0.727273,0.0,0.00011546,0.0115
世界互联网大会,T+1,煤炭,11,0.008264,0.047284,-0.015072,8,3,0,0.727273,0.272727,0.0,0.00227179,0.2272
世界互联网大会,T+1,石油石化,11,0.005983,0.029304,-0.01116,8,3,0,0.727273,0.272727,0.0,0.00164474,0.1645
世界互联网大会,T+5,农林牧渔,11,0.018557,0.077816,-0.042427,9,2,0,0.818182,0.181818,0.0,0.00510136,0.5101
世界互联网大会,T+5,商贸零售,11,0.011658,0.03385,-0.032656,9,2,0,0.818182,0.181818,0.0,0.00320481,0.3205
世界互联网大会,T+5,基础化工,11,0.003861,0.034338,-0.04163,8,3,0,0.727273,0.272727,0.0,0.0010614,0.1061
世界互联网大会,T+5,家电,11,0.01641,0.065776,-0.031046,8,3,0,0.727273,0.272727,0.0,0.00451114,0.4511
世界互联网大会,T+5,建材,11,0.004952,0.068163,-0.040582,8,3,0,0.727273,0.272727,0.0,0.00136132,0.1361
世界互联网大会,T+5,建筑,11,0.002884,0.022386,-0.032701,8,3,0,0.727273,0.272727,0.0,0.00079282,0.0793
世界互联网大会,T+5,房地产,11,0.012529,0.070498,-0.059539,8,3,0,0.727273,0.272727,0.0,0.00344425,0.3444
世界互联网大会,T+5,汽车,11,0.005733,0.029065,-0.027544,8,3,0,0.727273,0.272727,0.0,0.00157601,0.1576
世界互联网大会,T+5,电力设备及新能源,11,0.001133,0.046474,-0.030086,3,8,0,0.272727,0.727273,0.0,0.00031146,0.0311
世界互联网大会,T+5,纺织服装,11,0.012187,0.043539,-0.027043,8,3,0,0.727273,0.272727,0.0,0.00335023,0.335
世界互联网大会,T+5,综合,11,0.016993,0.085117,-0.035167,8,3,0,0.727273,0.272727,0.0,0.00467141,0.4671
世界互联网大会,T+5,轻工制造,11,0.01075,0.056529,-0.042407,8,3,0,0.727273,0.272727,0.0,0.0029552,0.2955
世界互联网大会,T+5,非银行金融,11,0.009854,0.059291,-0.039818,8,3,0,0.727273,0.272727,0.0,0.00270889,0.2709
世界互联网大会,T-1,农林牧渔,11,0.003109,0.016976,-0.008529,8,3,0,0.727273,0.272727,0.0,0.00085467,0.0855
世界互联网大会,T-1,家电,11,-0.004517,0.016551,-0.020047,2,9,0,0.181818,0.818182,0.0,-0.00124173,-0.1242
世界互联网大会,T-1,石油石化,11,-0.000524,0.015791,-0.024668,8,3,0,0.727273,0.272727,0.0,-0.00014405,-0.0144
世界互联网大会,T-1,计算机,11,0.006228,0.024892,-0.017033,9,2,0,0.818182,0.181818,0.0,0.00171209,0.1712
世界互联网大会,T-1,银行,11,-0.006275,-9e-06,-0.016196,0,11,0,0.0,1.0,0.0,-0.00172501,-0.1725
世界互联网大会,T-1,非银行金融,11,-0.007735,0.012648,-0.024273,1,10,0,0.090909,0.909091,0.0,-0.00212637,-0.2126
世界互联网大会,T-5,房地产,11,0.006962,0.030832,-0.02454,8,3,0,0.727273,0.272727,0.0,0.00191387,0.1914
世界互联网大会,T-5,银行,11,-0.000214,0.021738,-0.009619,3,8,0,0.272727,0.727273,0.0,-5.883e-05,-0.0059
世界互联网大会,T-5,食品饮料,11,0.00913,0.036773,-0.013621,9,2,0,0.818182,0.181818,0.0,0.00250986,0.251
世界人工智能大会,T,交通运输,8,-0.007127,0.012734,-0.014263,1,7,0,0.125,0.875,0.0,-0.00195923,-0.1959
世界人工智能大会,T,医药,8,-0.003446,0.035097,-0.022308,2,6,0,0.25,0.75,0.0,-0.00094731,-0.0947
世界人工智能大会,T,建材,8,-0.005148,0.026618,-0.020834,2,6,0,0.25,0.75,0.0,-0.0014152,-0.1415
世界人工智能大会,T,建筑,8,-0.006038,0.010014,-0.018596,1,7,0,0.125,0.875,0.0,-0.00165986,-0.166
世界人工智能大会,T,有色金属,8,-0.002137,0.041642,-0.022311,2,6,0,0.25,0.75,0.0,-0.00058747,-0.0587
世界人工智能大会,T,机械,8,-0.001684,0.025695,-0.013733,2,6,0,0.25,0.75,0.0,-0.00046294,-0.0463
世界人工智能大会,T,消费者服务,8,-0.01314,0.007381,-0.0411,2,6,0,0.25,0.75,0.0,-0.00361221,-0.3612
世界人工智能大会,T,煤炭,8,-0.004641,0.031122,-0.03448,2,6,0,0.25,0.75,0.0,-0.00127582,-0.1276
世界人工智能大会,T,电力及公用事业,8,-0.002904,0.011653,-0.008042,1,7,0,0.125,0.875,0.0,-0.00079832,-0.0798
世界人工智能大会,T,纺织服装,8,-0.00614,0.025191,-0.023339,2,6,0,0.25,0.75,0.0,-0.0016879,-0.1688
世界人工智能大会,T,轻工制造,8,-0.006647,0.019236,-0.027777,2,6,0,0.25,0.75,0.0,-0.00182727,-0.1827
世界人工智能大会,T,钢铁,8,-0.007861,0.018332,-0.019725,1,7,0,0.125,0.875,0.0,-0.00216101,-0.2161
世界人工智能大会,T,银行,8,-0.008161,0.00213,-0.027461,2,6,0,0.25,0.75,0.0,-0.00224348,-0.2243
世界人工智能大会,T,非银行金融,8,-0.00409,0.016552,-0.015305,2,6,0,0.25,0.75,0.0,-0.00112435,-0.1124
世界人工智能大会,T+1,商贸零售,8,0.006694,0.023387,-0.013088,6,2,0,0.75,0.25,0.0,0.00184019,0.184
世界人工智能大会,T+1,家电,8,-0.004046,0.010393,-0.016846,2,6,0,0.25,0.75,0.0,-0.00111225,-0.1112
世界人工智能大会,T+1,银行,8,-0.007649,0.015877,-0.035753,2,6,0,0.25,0.75,0.0,-0.00210273,-0.2103
世界人工智能大会,T+5,基础化工,8,0.01325,0.043278,-0.035187,6,2,0,0.75,0.25,0.0,0.00364245,0.3642
世界人工智能大会,T+5,家电,8,0.006878,0.037418,-0.03966,6,2,0,0.75,0.25,0.0,0.00189078,0.1891
世界人工智能大会,T+5,有色金属,8,0.016037,0.04394,-0.046535,6,2,0,0.75,0.25,0.0,0.00440861,0.4409
世界人工智能大会,T+5,机械,8,0.013617,0.048698,-0.036053,7,1,0,0.875,0.125,0.0,0.00374334,0.3743
世界人工智能大会,T+5,电力及公用事业,8,0.009605,0.037962,-0.009248,6,2,0,0.75,0.25,0.0,0.00264044,0.264
世界人工智能大会,T+5,电力设备及新能源,8,0.012807,0.053314,-0.034319,6,2,0,0.75,0.25,0.0,0.00352067,0.3521
世界人工智能大会,T+5,纺织服装,8,0.002583,0.030254,-0.037314,6,2,0,0.75,0.25,0.0,0.00071007,0.071
世界人工智能大会,T+5,钢铁,8,0.010475,0.054209,-0.044037,6,2,0,0.75,0.25,0.0,0.0028796,0.288
世界人工智能大会,T+5,银行,8,0.011771,0.037003,-0.039398,6,2,0,0.75,0.25,0.0,0.00323587,0.3236
世界人工智能大会,T+5,非银行金融,8,0.004508,0.052589,-0.059742,6,2,0,0.75,0.25,0.0,0.00123926,0.1239
世界人工智能大会,T-1,农林牧渔,8,-0.002384,0.031478,-0.022221,2,6,0,0.25,0.75,0.0,-0.00065537,-0.0655
世界人工智能大会,T-1,建材,8,-0.002372,0.011548,-0.02101,2,6,0,0.25,0.75,0.0,-0.00065207,-0.0652
世界人工智能大会,T-1,银行,8,-0.001091,0.016158,-0.009454,2,6,0,0.25,0.75,0.0,-0.00029992,-0.03
世界人工智能大会,T-5,有色金属,8,-0.004026,0.024849,-0.02467,2,6,0,0.25,0.75,0.0,-0.00110676,-0.1107
两会,T-1,建材,13,-0.010052,0.017995,-0.07331,3,10,0,0.230769,0.769231,0.0,-0.00276332,-0.2763
两会,T-1,建筑,13,-0.00609,0.022319,-0.058376,3,10,0,0.230769,0.769231,0.0,-0.00167415,-0.1674
中关村论坛,T,有色金属,11,-0.008034,0.011349,-0.03334,3,8,0,0.272727,0.727273,0.0,-0.00220856,-0.2209
中关村论坛,T,石油石化,11,0.002019,0.014256,-0.024668,9,2,0,0.818182,0.181818,0.0,0.00055503,0.0555
中关村论坛,T,纺织服装,11,-0.000669,0.016054,-0.01049,3,8,0,0.272727,0.727273,0.0,-0.00018391,-0.0184
中关村论坛,T+1,传媒,11,0.007589,0.024432,-0.022119,9,2,0,0.818182,0.181818,0.0,0.00208623,0.2086
中关村论坛,T+1,医药,11,0.008244,0.045461,-0.008364,8,3,0,0.727273,0.272727,0.0,0.00226629,0.2266
中关村论坛,T+1,家电,11,0.00696,0.047401,-0.009305,8,3,0,0.727273,0.272727,0.0,0.00191332,0.1913
中关村论坛,T+1,有色金属,11,0.002606,0.028308,-0.062005,8,3,0,0.727273,0.272727,0.0,0.00071639,0.0716
中关村论坛,T+1,消费者服务,11,0.010228,0.030531,-0.013038,10,1,0,0.909091,0.090909,0.0,0.0028117,0.2812
中关村论坛,T+1,计算机,11,0.009804,0.037572,-0.011732,8,3,0,0.727273,0.272727,0.0,0.00269514,0.2695
中关村论坛,T+1,轻工制造,11,0.003541,0.041528,-0.031525,8,3,0,0.727273,0.272727,0.0,0.00097343,0.0973
中关村论坛,T+5,农林牧渔,11,0.026029,0.111861,-0.028607,8,3,0,0.727273,0.272727,0.0,0.00715543,0.7155
中关村论坛,T+5,商贸零售,11,0.0191,0.091179,-0.035203,9,2,0,0.818182,0.181818,0.0,0.00525063,0.5251
中关村论坛,T+5,电子,11,0.015687,0.097383,-0.037637,8,3,0,0.727273,0.272727,0.0,0.00431239,0.4312
中关村论坛,T-1,家电,11,-0.001617,0.032093,-0.024443,2,9,0,0.181818,0.818182,0.0,-0.00044452,-0.0445
中关村论坛,T-1,有色金属,11,-0.00107,0.023807,-0.015846,3,8,0,0.272727,0.727273,0.0,-0.00029415,-0.0294
中关村论坛,T-1,银行,11,-0.002242,0.034499,-0.021784,3,8,0,0.272727,0.727273,0.0,-0.00061633,-0.0616
中关村论坛,T-5,交通运输,11,-0.005228,0.008783,-0.023179,3,8,0,0.272727,0.727273,0.0,-0.00143719,-0.1437
中关村论坛,T-5,医药,11,-0.002243,0.020623,-0.025772,3,8,0,0.272727,0.727273,0.0,-0.00061661,-0.0617
中关村论坛,T-5,商贸零售,11,-0.002691,0.024859,-0.029924,3,8,0,0.272727,0.727273,0.0,-0.00073976,-0.074
中关村论坛,T-5,消费者服务,11,-0.006825,0.014261,-0.03185,3,8,0,0.272727,0.727273,0.0,-0.00187621,-0.1876
中关村论坛,T-5,电力及公用事业,11,-0.006477,0.009081,-0.022497,3,8,0,0.272727,0.727273,0.0,-0.00178054,-0.1781
中关村论坛,T-5,电子,11,-0.007099,0.007629,-0.031607,3,8,0,0.272727,0.727273,0.0,-0.00195153,-0.1952
中关村论坛,T-5,综合,11,-0.006919,0.015914,-0.040113,2,9,0,0.181818,0.818182,0.0,-0.00190205,-0.1902
中关村论坛,T-5,计算机,11,-0.008437,0.030111,-0.040381,2,9,0,0.181818,0.818182,0.0,-0.00231935,-0.2319
中国—东盟博览会,T,农林牧渔,11,-0.007278,0.022503,-0.029122,3,8,0,0.272727,0.727273,0.0,-0.00200074,-0.2001
中国—东盟博览会,T,医药,11,-0.006983,0.011555,-0.028933,3,8,0,0.272727,0.727273,0.0,-0.00191964,-0.192
中国—东盟博览会,T,商贸零售,11,-0.005532,0.018253,-0.031516,3,8,0,0.272727,0.727273,0.0,-0.00152076,-0.1521
中国—东盟博览会,T,纺织服装,11,-0.003867,0.019896,-0.026346,2,9,0,0.181818,0.818182,0.0,-0.00106305,-0.1063
中国—东盟博览会,T,通信,11,-0.005397,0.019212,-0.028097,2,9,0,0.181818,0.818182,0.0,-0.00148365,-0.1484
中国—东盟博览会,T,钢铁,11,-0.008577,0.003173,-0.033105,3,8,0,0.272727,0.727273,0.0,-0.00235784,-0.2358
中国—东盟博览会,T+1,有色金属,11,0.00747,0.030238,-0.036207,9,2,0,0.818182,0.181818,0.0,0.00205352,0.2054
中国—东盟博览会,T+1,消费者服务,11,0.009214,0.07867,-0.028266,8,3,0,0.727273,0.272727,0.0,0.00253295,0.2533
中国—东盟博览会,T+1,煤炭,11,0.00909,0.050072,-0.016867,10,1,0,0.909091,0.090909,0.0,0.00249886,0.2499
中国—东盟博览会,T+1,电力及公用事业,11,0.003844,0.027702,-0.015774,8,3,0,0.727273,0.272727,0.0,0.00105672,0.1057
中国—东盟博览会,T+5,纺织服装,11,-0.005438,0.050784,-0.033911,3,8,0,0.272727,0.727273,0.0,-0.00149492,-0.1495
中国—东盟博览会,T-1,传媒,11,-0.006907,0.004454,-0.023593,3,8,0,0.272727,0.727273,0.0,-0.00189875,-0.1899
中国—东盟博览会,T-1,农林牧渔,11,-0.005939,0.008625,-0.031749,3,8,0,0.272727,0.727273,0.0,-0.00163264,-0.1633
中国—东盟博览会,T-1,基础化工,11,-0.007819,0.010105,-0.030501,2,9,0,0.181818,0.818182,0.0,-0.00214946,-0.2149
中国—东盟博览会,T-1,家电,11,-0.006171,0.007595,-0.035761,3,8,0,0.272727,0.727273,0.0,-0.00169642,-0.1696
中国—东盟博览会,T-1,汽车,11,-0.006832,0.018816,-0.037736,3,8,0,0.272727,0.727273,0.0,-0.00187813,-0.1878
中国—东盟博览会,T-1,钢铁,11,-0.003787,0.053874,-0.036149,3,8,0,0.272727,0.727273,0.0,-0.00104105,-0.1041
中国—东盟博览会,T-1,银行,11,-0.002001,0.014024,-0.017444,3,8,0,0.272727,0.727273,0.0,-0.00055008,-0.055
中国—东盟博览会,T-1,非银行金融,11,-0.00371,0.010924,-0.025755,3,8,0,0.272727,0.727273,0.0,-0.00101989,-0.102
中国—东盟博览会,T-5,农林牧渔,11,0.001236,0.028442,-0.019466,8,3,0,0.727273,0.272727,0.0,0.00033978,0.034
中国—东盟博览会,T-5,医药,11,0.00227,0.027857,-0.013504,8,3,0,0.727273,0.272727,0.0,0.00062403,0.0624
中国—东盟博览会,T-5,商贸零售,11,0.003986,0.025466,-0.014655,8,3,0,0.727273,0.272727,0.0,0.00109576,0.1096
中国—东盟博览会,T-5,建筑,11,-0.003804,0.006808,-0.018029,3,8,0,0.272727,0.727273,0.0,-0.00104573,-0.1046
中国—东盟博览会,T-5,消费者服务,11,0.004257,0.029225,-0.026498,8,3,0,0.727273,0.272727,0.0,0.00117026,0.117
中国—东盟博览会,T-5,纺织服装,11,0.002372,0.015967,-0.012958,8,3,0,0.727273,0.272727,0.0,0.00065207,0.0652
中国—东盟博览会,T-5,通信,11,0.005457,0.033109,-0.007711,8,3,0,0.727273,0.272727,0.0,0.00150014,0.15
中国—东盟博览会,T-5,非银行金融,11,-0.003776,0.011391,-0.023298,3,8,0,0.272727,0.727273,0.0,-0.00103803,-0.1038
中国发展高层论坛,T,有色金属,11,0.004317,0.029727,-0.03713,8,3,0,0.727273,0.272727,0.0,0.00118675,0.1187
中国发展高层论坛,T+1,农林牧渔,11,0.008369,0.029491,-0.007636,9,2,0,0.818182,0.181818,0.0,0.00230066,0.2301
中国发展高层论坛,T+1,建材,11,6.3e-05,0.030016,-0.015369,3,8,0,0.272727,0.727273,0.0,1.732e-05,0.0017
中国发展高层论坛,T+1,电力设备及新能源,11,0.000548,0.018976,-0.026748,8,3,0,0.727273,0.272727,0.0,0.00015065,0.0151
中国发展高层论坛,T+1,计算机,11,0.002116,0.051498,-0.022689,3,8,0,0.272727,0.727273,0.0,0.00058169,0.0582
中国发展高层论坛,T+1,食品饮料,11,0.008757,0.039075,-0.00233,8,3,0,0.727273,0.272727,0.0,0.00240732,0.2407
中国发展高层论坛,T+5,农林牧渔,11,0.018782,0.091725,-0.01076,8,3,0,0.727273,0.272727,0.0,0.00516321,0.5163
中国发展高层论坛,T+5,医药,11,0.014651,0.074592,-0.014469,8,3,0,0.727273,0.272727,0.0,0.00402759,0.4028
中国发展高层论坛,T+5,商贸零售,11,0.013684,0.060795,-0.007737,8,3,0,0.727273,0.272727,0.0,0.00376176,0.3762
中国发展高层论坛,T+5,家电,11,0.014477,0.088865,-0.022916,8,3,0,0.727273,0.272727,0.0,0.00397976,0.398
中国发展高层论坛,T+5,建材,11,0.010091,0.069177,-0.032226,8,3,0,0.727273,0.272727,0.0,0.00277404,0.2774
中国发展高层论坛,T+5,机械,11,0.013453,0.064036,-0.028735,8,3,0,0.727273,0.272727,0.0,0.00369826,0.3698
中国发展高层论坛,T+5,汽车,11,0.0085,0.040684,-0.026322,8,3,0,0.727273,0.272727,0.0,0.00233667,0.2337
中国发展高层论坛,T+5,消费者服务,11,0.008826,0.082302,-0.053402,8,3,0,0.727273,0.272727,0.0,0.00242629,0.2426
中国发展高层论坛,T+5,煤炭,11,0.013912,0.073731,-0.030191,8,3,0,0.727273,0.272727,0.0,0.00382444,0.3824
中国发展高层论坛,T+5,轻工制造,11,0.010104,0.075697,-0.018174,9,2,0,0.818182,0.181818,0.0,0.00277761,0.2778
中国发展高层论坛,T-1,有色金属,11,-0.006483,0.03622,-0.047341,3,8,0,0.272727,0.727273,0.0,-0.00178219,-0.1782
中国发展高层论坛,T-1,银行,11,-0.004663,0.023601,-0.029986,3,8,0,0.272727,0.727273,0.0,-0.00128187,-0.1282
中国发展高层论坛,T-5,交通运输,11,0.007545,0.038859,-0.029019,8,3,0,0.727273,0.272727,0.0,0.00207414,0.2074
中国发展高层论坛,T-5,传媒,11,0.010945,0.050406,-0.041675,8,3,0,0.727273,0.272727,0.0,0.0030088,0.3009
中国发展高层论坛,T-5,商贸零售,11,0.009461,0.037449,-0.032047,10,1,0,0.909091,0.090909,0.0,0.00260085,0.2601
中国发展高层论坛,T-5,机械,11,0.005341,0.038172,-0.046669,8,3,0,0.727273,0.272727,0.0,0.00146825,0.1468
中国发展高层论坛,T-5,汽车,11,0.004292,0.031706,-0.056303,8,3,0,0.727273,0.272727,0.0,0.00117988,0.118
中国发展高层论坛,T-5,电子,11,0.004985,0.040588,-0.076191,8,3,0,0.727273,0.272727,0.0,0.00137039,0.137
中国发展高层论坛,T-5,纺织服装,11,0.008283,0.041639,-0.012661,8,3,0,0.727273,0.272727,0.0,0.00227701,0.2277
中国发展高层论坛,T-5,综合,11,0.009463,0.040861,-0.018726,8,3,0,0.727273,0.272727,0.0,0.0026014,0.2601
中国发展高层论坛,T-5,轻工制造,11,0.006471,0.043721,-0.041178,8,3,0,0.727273,0.272727,0.0,0.00177889,0.1779
中国发展高层论坛,T-5,通信,11,0.002655,0.046731,-0.076314,8,3,0,0.727273,0.272727,0.0,0.00072987,0.073
中国发展高层论坛,T-5,食品饮料,11,0.002673,0.059805,-0.039711,8,3,0,0.727273,0.272727,0.0,0.00073481,0.0735
中国国际进口博览会,T,交通运输,8,0.003023,0.018418,-0.012383,6,2,0,0.75,0.25,0.0,0.00083103,0.0831
中国国际进口博览会,T,传媒,8,0.016797,0.049255,-0.003775,6,2,0,0.75,0.25,0.0,0.00461753,0.4618
中国国际进口博览会,T,农林牧渔,8,0.005634,0.016569,-0.019293,6,2,0,0.75,0.25,0.0,0.0015488,0.1549
中国国际进口博览会,T,商贸零售,8,0.009948,0.026653,-0.007652,7,1,0,0.875,0.125,0.0,0.00273473,0.2735
中国国际进口博览会,T,基础化工,8,0.007848,0.028203,-0.032046,7,1,0,0.875,0.125,0.0,0.00215743,0.2157
中国国际进口博览会,T,家电,8,0.004895,0.010835,-0.000993,7,1,0,0.875,0.125,0.0,0.00134565,0.1346
中国国际进口博览会,T,建材,8,0.006405,0.02137,-0.027615,7,1,0,0.875,0.125,0.0,0.00176075,0.1761
中国国际进口博览会,T,建筑,8,0.007392,0.026964,-0.021837,7,1,0,0.875,0.125,0.0,0.00203208,0.2032
中国国际进口博览会,T,房地产,8,0.011983,0.039146,-0.014664,6,2,0,0.75,0.25,0.0,0.00329415,0.3294
中国国际进口博览会,T,有色金属,8,0.010047,0.032545,-0.008301,6,2,0,0.75,0.25,0.0,0.00276194,0.2762
中国国际进口博览会,T,机械,8,0.00907,0.028549,-0.006683,6,2,0,0.75,0.25,0.0,0.00249336,0.2493
中国国际进口博览会,T,电力及公用事业,8,0.000782,0.015773,-0.032212,6,2,0,0.75,0.25,0.0,0.00021497,0.0215
中国国际进口博览会,T,电力设备及新能源,8,0.015255,0.034353,-0.022038,6,2,0,0.75,0.25,0.0,0.00419363,0.4194
中国国际进口博览会,T,纺织服装,8,0.006964,0.017526,-0.006113,7,1,0,0.875,0.125,0.0,0.00191442,0.1914
中国国际进口博览会,T,综合,8,0.011397,0.022894,-0.018177,6,2,0,0.75,0.25,0.0,0.00313306,0.3133
中国国际进口博览会,T,计算机,8,0.014165,0.05753,-0.007183,6,2,0,0.75,0.25,0.0,0.00389399,0.3894
中国国际进口博览会,T,轻工制造,8,0.011044,0.018917,0.000128,8,0,0,1.0,0.0,0.0,0.00303602,0.3036
中国国际进口博览会,T,通信,8,0.011609,0.050986,-0.006004,6,2,0,0.75,0.25,0.0,0.00319134,0.3191
中国国际进口博览会,T,钢铁,8,0.005658,0.033476,-0.032696,6,2,0,0.75,0.25,0.0,0.0015554,0.1555
中国国际进口博览会,T,食品饮料,8,0.002126,0.019593,-0.024317,6,2,0,0.75,0.25,0.0,0.00058444,0.0584
中国国际进口博览会,T+1,交通运输,8,-0.002385,0.011153,-0.010787,2,6,0,0.25,0.75,0.0,-0.00065564,-0.0656
中国国际进口博览会,T+1,医药,8,-0.007894,0.002625,-0.024422,2,6,0,0.25,0.75,0.0,-0.00217008,-0.217
中国国际进口博览会,T+1,家电,8,0.000377,0.033088,-0.020047,2,6,0,0.25,0.75,0.0,0.00010364,0.0104
中国国际进口博览会,T+1,建材,8,-0.001061,0.008774,-0.005566,2,6,0,0.25,0.75,0.0,-0.00029167,-0.0292
中国国际进口博览会,T+1,房地产,8,0.004784,0.021558,-0.00926,6,2,0,0.75,0.25,0.0,0.00131513,0.1315
中国国际进口博览会,T+1,消费者服务,8,-0.006355,0.008169,-0.020412,2,6,0,0.25,0.75,0.0,-0.001747,-0.1747
中国国际进口博览会,T+1,电力及公用事业,8,-0.000531,0.007215,-0.005817,2,6,0,0.25,0.75,0.0,-0.00014597,-0.0146
中国国际进口博览会,T+1,电力设备及新能源,8,-0.000131,0.025308,-0.019468,2,6,0,0.25,0.75,0.0,-3.601e-05,-0.0036
中国国际进口博览会,T+1,石油石化,8,0.003632,0.015791,-0.008783,6,2,0,0.75,0.25,0.0,0.00099844,0.0998
中国国际进口博览会,T+1,钢铁,8,0.00687,0.022785,-0.003922,6,2,0,0.75,0.25,0.0,0.00188858,0.1889
中国国际进口博览会,T+1,银行,8,-0.003226,0.003245,-0.008452,1,7,0,0.125,0.875,0.0,-0.00088683,-0.0887
中国国际进口博览会,T+1,食品饮料,8,-0.007071,0.003527,-0.015236,1,7,0,0.125,0.875,0.0,-0.00194383,-0.1944
中国国际进口博览会,T+5,农林牧渔,8,0.00417,0.028983,-0.014213,6,2,0,0.75,0.25,0.0,0.00114634,0.1146
中国国际进口博览会,T+5,家电,8,0.005227,0.052949,-0.052021,6,2,0,0.75,0.25,0.0,0.00143691,0.1437
中国国际进口博览会,T+5,有色金属,8,-0.010009,0.00965,-0.035725,1,7,0,0.125,0.875,0.0,-0.0027515,-0.2751
中国国际进口博览会,T+5,煤炭,8,-0.007132,0.039997,-0.035894,2,6,0,0.25,0.75,0.0,-0.0019606,-0.1961
中国国际进口博览会,T+5,纺织服装,8,0.00962,0.030529,-0.009646,6,2,0,0.75,0.25,0.0,0.00264456,0.2645
中国国际进口博览会,T+5,轻工制造,8,0.018476,0.036855,-0.008365,7,1,0,0.875,0.125,0.0,0.00507909,0.5079
中国国际进口博览会,T-1,交通运输,8,0.011788,0.037403,-0.004582,6,2,0,0.75,0.25,0.0,0.00324055,0.3241
中国国际进口博览会,T-1,农林牧渔,8,0.006363,0.02196,-0.010318,6,2,0,0.75,0.25,0.0,0.0017492,0.1749
中国国际进口博览会,T-1,医药,8,0.009272,0.043825,-0.019824,7,1,0,0.875,0.125,0.0,0.00254889,0.2549
中国国际进口博览会,T-1,国防军工,8,0.010123,0.02993,-0.015391,6,2,0,0.75,0.25,0.0,0.00278283,0.2783
中国国际进口博览会,T-1,基础化工,8,0.010643,0.03359,-0.016747,7,1,0,0.875,0.125,0.0,0.00292578,0.2926
中国国际进口博览会,T-1,家电,8,0.016914,0.044996,-0.006011,7,1,0,0.875,0.125,0.0,0.00464969,0.465
中国国际进口博览会,T-1,建材,8,0.013063,0.029183,-0.007716,7,1,0,0.875,0.125,0.0,0.00359105,0.3591
中国国际进口博览会,T-1,建筑,8,0.006361,0.022844,-0.002482,6,2,0,0.75,0.25,0.0,0.00174865,0.1749
中国国际进口博览会,T-1,房地产,8,0.002697,0.024023,-0.00349,2,6,0,0.25,0.75,0.0,0.00074141,0.0741
中国国际进口博览会,T-1,有色金属,8,0.006581,0.041635,-0.030269,7,1,0,0.875,0.125,0.0,0.00180913,0.1809
中国国际进口博览会,T-1,机械,8,0.012137,0.028887,-0.012455,7,1,0,0.875,0.125,0.0,0.00333649,0.3336
中国国际进口博览会,T-1,汽车,8,0.022044,0.039351,-0.014515,7,1,0,0.875,0.125,0.0,0.00605994,0.606
中国国际进口博览会,T-1,消费者服务,8,0.022756,0.067817,-0.000562,7,1,0,0.875,0.125,0.0,0.00625567,0.6256
中国国际进口博览会,T-1,电力及公用事业,8,0.007593,0.024031,-0.004649,7,1,0,0.875,0.125,0.0,0.00208733,0.2087
中国国际进口博览会,T-1,电力设备及新能源,8,0.014804,0.040468,-0.018342,6,2,0,0.75,0.25,0.0,0.00406965,0.407
中国国际进口博览会,T-1,电子,8,0.015649,0.048115,-0.013841,7,1,0,0.875,0.125,0.0,0.00430194,0.4302
中国国际进口博览会,T-1,石油石化,8,0.005585,0.024725,-0.012037,6,2,0,0.75,0.25,0.0,0.00153533,0.1535
中国国际进口博览会,T-1,纺织服装,8,0.008165,0.026366,-0.005229,6,2,0,0.75,0.25,0.0,0.00224458,0.2245
中国国际进口博览会,T-1,计算机,8,0.011473,0.0347,-0.014772,6,2,0,0.75,0.25,0.0,0.00315395,0.3154
中国国际进口博览会,T-1,轻工制造,8,0.01208,0.040081,-0.003514,7,1,0,0.875,0.125,0.0,0.00332082,0.3321
中国国际进口博览会,T-1,通信,8,0.012537,0.034746,-0.009865,6,2,0,0.75,0.25,0.0,0.00344645,0.3446
中国国际进口博览会,T-1,银行,8,0.010856,0.022604,-0.003427,6,2,0,0.75,0.25,0.0,0.00298434,0.2984
中国国际进口博览会,T-1,食品饮料,8,0.020935,0.056511,-0.009204,7,1,0,0.875,0.125,0.0,0.00575508,0.5755
中国国际进口博览会,T-5,农林牧渔,8,0.007977,0.026277,-0.014808,6,2,0,0.75,0.25,0.0,0.00219289,0.2193
中国国际进口博览会,T-5,医药,8,0.002777,0.024851,-0.023821,6,2,0,0.75,0.25,0.0,0.0007634,0.0763
中国国际进口博览会,T-5,商贸零售,8,-0.0031,0.022327,-0.02046,2,6,0,0.25,0.75,0.0,-0.0008522,-0.0852
中国国际进口博览会,T-5,建筑,8,-0.006554,0.011612,-0.01892,2,6,0,0.25,0.75,0.0,-0.00180171,-0.1802
中国国际进口博览会,T-5,房地产,8,-0.011375,0.00274,-0.032712,2,6,0,0.25,0.75,0.0,-0.00312701,-0.3127
中国国际进口博览会,T-5,煤炭,8,-0.015545,0.00783,-0.039354,1,7,0,0.125,0.875,0.0,-0.00427335,-0.4273
中国国际进口博览会,T-5,石油石化,8,-0.00989,0.005502,-0.026545,2,6,0,0.25,0.75,0.0,-0.00271878,-0.2719
中国国际进口博览会,T-5,纺织服装,8,-0.005966,0.017041,-0.025268,1,7,0,0.125,0.875,0.0,-0.00164007,-0.164
中国国际进口博览会,T-5,银行,8,-0.009624,0.000411,-0.020681,1,7,0,0.125,0.875,0.0,-0.00264566,-0.2646
中央政治局会议,T,传媒,14,0.016709,0.083299,-0.014272,10,4,0,0.714286,0.285714,0.0,0.00459334,0.4593
中央政治局会议,T,医药,14,0.009203,0.041573,-0.012251,10,4,0,0.714286,0.285714,0.0,0.00252992,0.253
中央政治局会议,T,国防军工,14,0.011189,0.058577,-0.017177,11,3,0,0.785714,0.214286,0.0,0.00307588,0.3076
中央政治局会议,T,基础化工,14,0.009198,0.038473,-0.01064,10,4,0,0.714286,0.285714,0.0,0.00252855,0.2529
中央政治局会议,T,家电,14,0.014155,0.058483,-0.009005,10,4,0,0.714286,0.285714,0.0,0.00389124,0.3891
中央政治局会议,T,有色金属,14,0.008487,0.048558,-0.014582,10,4,0,0.714286,0.285714,0.0,0.00233309,0.2333
中央政治局会议,T,汽车,14,0.008144,0.051031,-0.014758,11,3,0,0.785714,0.214286,0.0,0.0022388,0.2239
中央政治局会议,T,消费者服务,14,0.011217,0.067786,-0.016274,10,4,0,0.714286,0.285714,0.0,0.00308358,0.3084
中央政治局会议,T,电子,14,0.016354,0.044116,-0.010779,12,2,0,0.857143,0.142857,0.0,0.00449575,0.4496
中央政治局会议,T,石油石化,14,0.005527,0.033574,-0.008026,10,4,0,0.714286,0.285714,0.0,0.00151938,0.1519
中央政治局会议,T,纺织服装,14,0.01146,0.04215,-0.022245,11,3,0,0.785714,0.214286,0.0,0.00315038,0.315
中央政治局会议,T,综合,14,0.006096,0.036743,-0.018617,10,4,0,0.714286,0.285714,0.0,0.0016758,0.1676
中央政治局会议,T,计算机,14,0.015412,0.066046,-0.009728,11,3,0,0.785714,0.214286,0.0,0.00423679,0.4237
中央政治局会议,T,轻工制造,14,0.009489,0.046866,-0.015877,10,4,0,0.714286,0.285714,0.0,0.00260855,0.2609
中央政治局会议,T,通信,14,0.013153,0.04669,-0.011692,10,4,0,0.714286,0.285714,0.0,0.00361579,0.3616
中央政治局会议,T+1,交通运输,14,0.004451,0.02992,-0.014263,10,4,0,0.714286,0.285714,0.0,0.00122359,0.1224
中央政治局会议,T+1,传媒,14,0.012303,0.059301,-0.01157,10,4,0,0.714286,0.285714,0.0,0.00338212,0.3382
中央政治局会议,T+1,医药,14,0.009407,0.064248,-0.022752,10,4,0,0.714286,0.285714,0.0,0.002586,0.2586
中央政治局会议,T+1,商贸零售,14,0.004944,0.035508,-0.020646,10,4,0,0.714286,0.285714,0.0,0.00135912,0.1359
中央政治局会议,T+1,房地产,14,-0.000782,0.066817,-0.037876,4,10,0,0.285714,0.714286,0.0,-0.00021497,-0.0215
中央政治局会议,T+1,汽车,14,0.010007,0.042182,-0.015416,10,4,0,0.714286,0.285714,0.0,0.00275095,0.2751
中央政治局会议,T+1,电力及公用事业,14,0.004636,0.022793,-0.007772,10,4,0,0.714286,0.285714,0.0,0.00127445,0.1274
中央政治局会议,T+1,钢铁,14,0.004153,0.028266,-0.022234,11,3,0,0.785714,0.214286,0.0,0.00114167,0.1142
中央政治局会议,T+5,石油石化,14,-0.004637,0.047971,-0.022226,4,10,0,0.285714,0.714286,0.0,-0.00127472,-0.1275
中央政治局会议,T-1,交通运输,14,0.004772,0.031113,-0.006308,10,4,0,0.714286,0.285714,0.0,0.00131183,0.1312
中央政治局会议,T-1,农林牧渔,14,0.002009,0.012882,-0.028659,11,3,0,0.785714,0.214286,0.0,0.00055228,0.0552
中央政治局会议,T-1,医药,14,0.005259,0.020937,-0.010518,10,4,0,0.714286,0.285714,0.0,0.00144571,0.1446
中央政治局会议,T-1,国防军工,14,0.007982,0.024047,-0.009281,10,4,0,0.714286,0.285714,0.0,0.00219427,0.2194
中央政治局会议,T-1,家电,14,0.004904,0.026095,-0.007045,11,3,0,0.785714,0.214286,0.0,0.00134812,0.1348
中央政治局会议,T-1,房地产,14,0.011646,0.067041,-0.010396,12,2,0,0.857143,0.142857,0.0,0.00320151,0.3202
中央政治局会议,T-1,汽车,14,0.005876,0.017339,-0.009152,10,4,0,0.714286,0.285714,0.0,0.00161533,0.1615
中央政治局会议,T-1,电力及公用事业,14,0.003876,0.014513,-0.001308,12,2,0,0.857143,0.142857,0.0,0.00106552,0.1066
中央政治局会议,T-1,纺织服装,14,0.005282,0.015742,-0.01128,12,2,0,0.857143,0.142857,0.0,0.00145203,0.1452
中央政治局会议,T-1,综合,14,0.009748,0.029362,-0.013461,12,2,0,0.857143,0.142857,0.0,0.00267975,0.268
中央政治局会议,T-1,轻工制造,14,0.004784,0.028423,-0.018587,11,3,0,0.785714,0.214286,0.0,0.00131513,0.1315
中央政治局会议,T-1,钢铁,14,0.006431,0.022431,-0.012414,10,4,0,0.714286,0.285714,0.0,0.0017679,0.1768
中央政治局会议,T-1,非银行金融,14,0.011894,0.043956,-0.015279,10,4,0,0.714286,0.285714,0.0,0.00326969,0.327
中央政治局会议,T-5,汽车,14,-0.001312,0.015848,-0.021163,4,10,0,0.285714,0.714286,0.0,-0.00036067,-0.0361
中央经济工作会议,T,房地产,14,-0.003167,0.022739,-0.056609,4,10,0,0.285714,0.714286,0.0,-0.00087062,-0.0871
中央经济工作会议,T,煤炭,14,-0.001728,0.040042,-0.065312,4,10,0,0.285714,0.714286,0.0,-0.00047503,-0.0475
中央经济工作会议,T,电力及公用事业,14,-0.00469,0.008267,-0.041193,3,11,0,0.214286,0.785714,0.0,-0.00128929,-0.1289
中央经济工作会议,T+1,交通运输,14,0.00621,0.055874,-0.01575,10,4,0,0.714286,0.285714,0.0,0.00170714,0.1707
中央经济工作会议,T+1,农林牧渔,14,0.006761,0.035546,-0.01115,10,4,0,0.714286,0.285714,0.0,0.00185861,0.1859
中央经济工作会议,T+1,建材,14,0.006486,0.040785,-0.027808,11,3,0,0.785714,0.214286,0.0,0.00178302,0.1783
中央经济工作会议,T+1,房地产,14,0.008508,0.045041,-0.029483,11,3,0,0.785714,0.214286,0.0,0.00233887,0.2339
中央经济工作会议,T+1,消费者服务,14,0.010168,0.047683,-0.022054,10,4,0,0.714286,0.285714,0.0,0.00279521,0.2795
中央经济工作会议,T+1,电力及公用事业,14,0.006524,0.061189,-0.008191,10,4,0,0.714286,0.285714,0.0,0.00179346,0.1793
中央经济工作会议,T+1,钢铁,14,0.006333,0.043613,-0.018509,10,4,0,0.714286,0.285714,0.0,0.00174096,0.1741
中央经济工作会议,T+1,银行,14,0.005156,0.03863,-0.031272,10,4,0,0.714286,0.285714,0.0,0.0014174,0.1417
中央经济工作会议,T+5,房地产,14,-0.012816,0.039269,-0.059691,4,10,0,0.285714,0.714286,0.0,-0.00352315,-0.3523
中央经济工作会议,T+5,煤炭,14,-0.00861,0.028987,-0.056955,4,10,0,0.285714,0.714286,0.0,-0.00236691,-0.2367
中央经济工作会议,T+5,钢铁,14,-0.010764,0.067103,-0.05494,4,10,0,0.285714,0.714286,0.0,-0.00295905,-0.2959
中央经济工作会议,T+5,银行,14,-0.009706,0.028654,-0.03014,3,11,0,0.214286,0.785714,0.0,-0.0026682,-0.2668
中央经济工作会议,T-5,交通运输,14,0.003218,0.013712,-0.021149,10,4,0,0.714286,0.285714,0.0,0.00088464,0.0885
中央经济工作会议,T-5,商贸零售,14,0.005281,0.027682,-0.026152,10,4,0,0.714286,0.285714,0.0,0.00145176,0.1452
中央经济工作会议,T-5,家电,14,0.007389,0.037278,-0.033987,12,2,0,0.857143,0.142857,0.0,0.00203125,0.2031
中央经济工作会议,T-5,建筑,14,0.005206,0.021382,-0.011837,10,4,0,0.714286,0.285714,0.0,0.00143114,0.1431
中央经济工作会议,T-5,房地产,14,0.004739,0.021143,-0.014512,10,4,0,0.714286,0.285714,0.0,0.00130276,0.1303
中央经济工作会议,T-5,有色金属,14,0.006324,0.016186,-0.013155,10,4,0,0.714286,0.285714,0.0,0.00173848,0.1738
中央经济工作会议,T-5,煤炭,14,0.010605,0.034011,-0.003403,12,2,0,0.857143,0.142857,0.0,0.00291534,0.2915
中央经济工作会议,T-5,电力及公用事业,14,0.004772,0.022325,-0.009838,10,4,0,0.714286,0.285714,0.0,0.00131183,0.1312
中央经济工作会议,T-5,石油石化,14,0.004086,0.022323,-0.015143,10,4,0,0.714286,0.285714,0.0,0.00112325,0.1123
中央经济工作会议,T-5,综合,14,0.005048,0.024214,-0.014746,11,3,0,0.785714,0.214286,0.0,0.00138771,0.1388
中央经济工作会议,T-5,轻工制造,14,0.004061,0.021274,-0.017507,10,4,0,0.714286,0.285714,0.0,0.00111638,0.1116
中央经济工作会议,T-5,非银行金融,14,0.00775,0.079474,-0.019828,10,4,0,0.714286,0.285714,0.0,0.00213049,0.213
央行货币政策委员会例会,T,医药,14,0.005757,0.041573,-0.019145,10,4,0,0.714286,0.285714,0.0,0.00158261,0.1583
央行货币政策委员会例会,T,国防军工,14,0.009918,0.034377,-0.01273,10,4,0,0.714286,0.285714,0.0,0.00272648,0.2726
央行货币政策委员会例会,T,机械,14,0.006292,0.031198,-0.012659,10,4,0,0.714286,0.285714,0.0,0.00172968,0.173
央行货币政策委员会例会,T,煤炭,14,0.012636,0.039203,-0.012804,11,3,0,0.785714,0.214286,0.0,0.00347366,0.3474
央行货币政策委员会例会,T,电力及公用事业,14,0.005313,0.01631,-0.009673,11,3,0,0.785714,0.214286,0.0,0.00146056,0.1461
央行货币政策委员会例会,T,银行,14,0.006818,0.03594,-0.011986,10,4,0,0.714286,0.285714,0.0,0.00187428,0.1874
央行货币政策委员会例会,T+1,交通运输,14,0.004476,0.02992,-0.016317,10,4,0,0.714286,0.285714,0.0,0.00123046,0.123
央行货币政策委员会例会,T+1,传媒,14,0.017321,0.053329,-0.007849,11,3,0,0.785714,0.214286,0.0,0.00476158,0.4762
央行货币政策委员会例会,T+1,农林牧渔,14,0.013542,0.05348,-0.007803,11,3,0,0.785714,0.214286,0.0,0.00372272,0.3723
央行货币政策委员会例会,T+1,医药,14,0.01267,0.064248,-0.005924,13,1,0,0.928571,0.071429,0.0,0.00348301,0.3483
央行货币政策委员会例会,T+1,商贸零售,14,0.011623,0.035508,-0.010851,11,3,0,0.785714,0.214286,0.0,0.00319519,0.3195
央行货币政策委员会例会,T+1,国防军工,14,0.007338,0.051413,-0.029899,11,3,0,0.785714,0.214286,0.0,0.00201723,0.2017
央行货币政策委员会例会,T+1,基础化工,14,0.012299,0.055176,-0.012386,10,4,0,0.714286,0.285714,0.0,0.00338102,0.3381
央行货币政策委员会例会,T+1,建筑,14,0.008832,0.026837,-0.011959,12,2,0,0.857143,0.142857,0.0,0.00242794,0.2428
央行货币政策委员会例会,T+1,房地产,14,0.014002,0.066817,-0.022243,10,4,0,0.714286,0.285714,0.0,0.00384918,0.3849
央行货币政策委员会例会,T+1,机械,14,0.011474,0.047788,-0.026187,12,2,0,0.857143,0.142857,0.0,0.00315423,0.3154
央行货币政策委员会例会,T+1,汽车,14,0.007633,0.042182,-0.029335,10,4,0,0.714286,0.285714,0.0,0.00209833,0.2098
央行货币政策委员会例会,T+1,电力及公用事业,14,0.004412,0.022007,-0.008218,11,3,0,0.785714,0.214286,0.0,0.00121287,0.1213
央行货币政策委员会例会,T+1,纺织服装,14,0.007622,0.038395,-0.00821,11,3,0,0.785714,0.214286,0.0,0.0020953,0.2095
央行货币政策委员会例会,T+1,综合,14,0.012207,0.044424,-0.009813,10,4,0,0.714286,0.285714,0.0,0.00335573,0.3356
央行货币政策委员会例会,T+1,计算机,14,0.016192,0.077801,-0.008177,11,3,0,0.785714,0.214286,0.0,0.00445122,0.4451
央行货币政策委员会例会,T+1,轻工制造,14,0.010818,0.045923,-0.010042,10,4,0,0.714286,0.285714,0.0,0.00297389,0.2974
央行货币政策委员会例会,T+1,非银行金融,14,0.0108,0.068622,-0.006073,10,4,0,0.714286,0.285714,0.0,0.00296894,0.2969
央行货币政策委员会例会,T+5,建筑,14,0.008023,0.102686,-0.069523,10,4,0,0.714286,0.285714,0.0,0.00220554,0.2206
央行货币政策委员会例会,T+5,有色金属,14,0.02049,0.089588,-0.029454,11,3,0,0.785714,0.214286,0.0,0.00563275,0.5633
央行货币政策委员会例会,T+5,电力及公用事业,14,0.009471,0.043728,-0.052202,10,4,0,0.714286,0.285714,0.0,0.0026036,0.2604
央行货币政策委员会例会,T+5,综合,14,0.008678,0.056842,-0.078261,12,2,0,0.857143,0.142857,0.0,0.0023856,0.2386
央行货币政策委员会例会,T+5,钢铁,14,0.011649,0.054103,-0.06146,12,2,0,0.857143,0.142857,0.0,0.00320234,0.3202
央行货币政策委员会例会,T-1,通信,14,0.006999,0.049238,-0.029157,10,4,0,0.714286,0.285714,0.0,0.00192404,0.1924
央行货币政策委员会例会,T-1,银行,14,0.005206,0.019823,-0.013829,10,4,0,0.714286,0.285714,0.0,0.00143114,0.1431
央行货币政策委员会例会,T-5,商贸零售,14,-0.003961,0.026277,-0.023425,4,10,0,0.285714,0.714286,0.0,-0.00108889,-0.1089
央行货币政策委员会例会,T-5,基础化工,14,-0.000282,0.025206,-0.016392,4,10,0,0.285714,0.714286,0.0,-7.752e-05,-0.0078
央行货币政策委员会例会,T-5,房地产,14,-0.004825,0.02782,-0.029483,4,10,0,0.285714,0.714286,0.0,-0.0013264,-0.1326
央行货币政策委员会例会,T-5,有色金属,14,-0.000988,0.030238,-0.023503,4,10,0,0.285714,0.714286,0.0,-0.0002716,-0.0272
央行货币政策委员会例会,T-5,石油石化,14,-0.002758,0.009479,-0.014855,3,11,0,0.214286,0.785714,0.0,-0.00075818,-0.0758
央行货币政策委员会例会,T-5,钢铁,14,-0.003939,0.017892,-0.012924,2,12,0,0.142857,0.857143,0.0,-0.00108284,-0.1083
广交会春季,T,交通运输,11,-0.002836,0.016829,-0.019902,3,8,0,0.272727,0.727273,0.0,-0.00077962,-0.078
广交会春季,T,传媒,11,-0.016381,0.008339,-0.045567,1,10,0,0.090909,0.909091,0.0,-0.00450317,-0.4503
广交会春季,T,农林牧渔,11,-0.009772,0.006767,-0.035376,2,9,0,0.181818,0.818182,0.0,-0.00268634,-0.2686
广交会春季,T,商贸零售,11,-0.011493,0.004116,-0.040359,2,9,0,0.181818,0.818182,0.0,-0.00315945,-0.3159
广交会春季,T,基础化工,11,-0.009085,0.009379,-0.037896,1,10,0,0.090909,0.909091,0.0,-0.00249749,-0.2497
广交会春季,T,建材,11,-0.010946,0.01229,-0.038008,1,10,0,0.090909,0.909091,0.0,-0.00300908,-0.3009
广交会春季,T,建筑,11,-0.001317,0.019734,-0.022998,3,8,0,0.272727,0.727273,0.0,-0.00036205,-0.0362
广交会春季,T,房地产,11,-0.01078,0.004029,-0.034253,2,9,0,0.181818,0.818182,0.0,-0.00296345,-0.2963
广交会春季,T,有色金属,11,-0.00671,0.02219,-0.024783,2,9,0,0.181818,0.818182,0.0,-0.00184459,-0.1845
广交会春季,T,机械,11,-0.006904,0.004843,-0.017855,1,10,0,0.090909,0.909091,0.0,-0.00189792,-0.1898
广交会春季,T,汽车,11,-0.00629,0.0124,-0.033048,3,8,0,0.272727,0.727273,0.0,-0.00172913,-0.1729
广交会春季,T,消费者服务,11,-0.010677,0.010353,-0.043895,3,8,0,0.272727,0.727273,0.0,-0.00293513,-0.2935
广交会春季,T,电子,11,-0.008562,0.003663,-0.05609,2,9,0,0.181818,0.818182,0.0,-0.00235371,-0.2354
广交会春季,T,综合,11,-0.011425,0.005319,-0.043894,3,8,0,0.272727,0.727273,0.0,-0.00314076,-0.3141
广交会春季,T,计算机,11,-0.01095,0.029663,-0.061787,1,10,0,0.090909,0.909091,0.0,-0.00301018,-0.301
广交会春季,T,轻工制造,11,-0.010592,0.004892,-0.042349,3,8,0,0.272727,0.727273,0.0,-0.00291176,-0.2912
广交会春季,T,钢铁,11,-0.010213,0.008912,-0.037112,3,8,0,0.272727,0.727273,0.0,-0.00280758,-0.2808
广交会春季,T,非银行金融,11,-0.003154,0.031625,-0.027861,2,9,0,0.181818,0.818182,0.0,-0.00086704,-0.0867
广交会春季,T+1,农林牧渔,11,-0.002793,0.03419,-0.021118,2,9,0,0.181818,0.818182,0.0,-0.0007678,-0.0768
广交会春季,T+1,有色金属,11,-0.00494,0.031187,-0.046839,3,8,0,0.272727,0.727273,0.0,-0.00135802,-0.1358
广交会春季,T+1,综合,11,-0.007355,0.020121,-0.068779,3,8,0,0.272727,0.727273,0.0,-0.00202191,-0.2022
广交会春季,T+5,交通运输,11,-0.005578,0.09196,-0.047998,3,8,0,0.272727,0.727273,0.0,-0.0015334,-0.1533
广交会春季,T+5,房地产,11,-0.013221,0.058665,-0.058822,3,8,0,0.272727,0.727273,0.0,-0.00363448,-0.3634
广交会春季,T-1,交通运输,11,0.001626,0.016991,-0.020292,8,3,0,0.727273,0.272727,0.0,0.00044699,0.0447
广交会春季,T-1,国防军工,11,0.004318,0.017357,-0.008576,8,3,0,0.727273,0.272727,0.0,0.00118703,0.1187
广交会春季,T-1,建筑,11,0.007062,0.031903,-0.015205,8,3,0,0.727273,0.272727,0.0,0.00194136,0.1941
广交会春季,T-1,电子,11,0.009175,0.033811,-0.016069,9,2,0,0.818182,0.181818,0.0,0.00252223,0.2522
广交会春季,T-1,石油石化,11,0.003135,0.014178,-0.010953,9,2,0,0.818182,0.181818,0.0,0.00086182,0.0862
广交会春季,T-1,计算机,11,0.006144,0.029959,-0.015752,8,3,0,0.727273,0.272727,0.0,0.001689,0.1689
广交会春季,T-1,通信,11,0.00684,0.029254,-0.01441,8,3,0,0.727273,0.272727,0.0,0.00188033,0.188
广交会春季,T-5,传媒,11,-0.015215,0.00462,-0.040597,2,9,0,0.181818,0.818182,0.0,-0.00418264,-0.4183
广交会春季,T-5,农林牧渔,11,-0.003659,0.077194,-0.020279,1,10,0,0.090909,0.909091,0.0,-0.00100587,-0.1006
广交会春季,T-5,商贸零售,11,-0.005528,0.029992,-0.017991,1,10,0,0.090909,0.909091,0.0,-0.00151966,-0.152
广交会春季,T-5,家电,11,-0.007228,0.01519,-0.018581,2,9,0,0.181818,0.818182,0.0,-0.00198699,-0.1987
广交会春季,T-5,机械,11,-0.003074,0.010248,-0.016599,3,8,0,0.272727,0.727273,0.0,-0.00084505,-0.0845
广交会春季,T-5,汽车,11,-0.004432,0.003523,-0.014039,3,8,0,0.272727,0.727273,0.0,-0.00121837,-0.1218
广交会春季,T-5,消费者服务,11,-0.00282,0.035068,-0.024075,3,8,0,0.272727,0.727273,0.0,-0.00077522,-0.0775
广交会春季,T-5,电力设备及新能源,11,-0.004889,0.015412,-0.020424,3,8,0,0.272727,0.727273,0.0,-0.001344,-0.1344
广交会春季,T-5,电子,11,-0.011777,0.005497,-0.024784,1,10,0,0.090909,0.909091,0.0,-0.00323752,-0.3238
广交会春季,T-5,纺织服装,11,-0.004341,0.008619,-0.013746,3,8,0,0.272727,0.727273,0.0,-0.00119335,-0.1193
广交会春季,T-5,综合,11,-0.008137,0.002809,-0.020876,2,9,0,0.181818,0.818182,0.0,-0.00223688,-0.2237
广交会春季,T-5,计算机,11,-0.01366,0.013053,-0.05801,2,9,0,0.181818,0.818182,0.0,-0.00375516,-0.3755
广交会春季,T-5,轻工制造,11,-0.008112,0.000317,-0.02606,1,10,0,0.090909,0.909091,0.0,-0.00223001,-0.223
广交会春季,T-5,通信,11,-0.007919,0.013111,-0.02241,2,9,0,0.181818,0.818182,0.0,-0.00217695,-0.2177
广交会春季,T-5,钢铁,11,0.008218,0.037395,-0.005343,8,3,0,0.727273,0.272727,0.0,0.00225915,0.2259
广交会秋季,T,传媒,11,-0.002275,0.050389,-0.019522,3,8,0,0.272727,0.727273,0.0,-0.0006254,-0.0625
广交会秋季,T,农林牧渔,11,-0.003053,0.036355,-0.021835,3,8,0,0.272727,0.727273,0.0,-0.00083928,-0.0839
广交会秋季,T,医药,11,-0.002312,0.032736,-0.023741,3,8,0,0.272727,0.727273,0.0,-0.00063557,-0.0636
广交会秋季,T,商贸零售,11,-0.000546,0.039785,-0.016592,3,8,0,0.272727,0.727273,0.0,-0.0001501,-0.015
广交会秋季,T,建材,11,-0.001774,0.035037,-0.016464,3,8,0,0.272727,0.727273,0.0,-0.00048768,-0.0488
广交会秋季,T,建筑,11,-0.002884,0.028215,-0.020109,3,8,0,0.272727,0.727273,0.0,-0.00079282,-0.0793
广交会秋季,T,房地产,11,-0.005379,0.029689,-0.019358,3,8,0,0.272727,0.727273,0.0,-0.0014787,-0.1479
广交会秋季,T,电力及公用事业,11,-0.003556,0.034111,-0.021216,3,8,0,0.272727,0.727273,0.0,-0.00097755,-0.0978
广交会秋季,T,电力设备及新能源,11,-0.003497,0.030859,-0.02692,3,8,0,0.272727,0.727273,0.0,-0.00096133,-0.0961
广交会秋季,T,综合,11,-0.001845,0.043043,-0.020517,3,8,0,0.272727,0.727273,0.0,-0.00050719,-0.0507
广交会秋季,T,食品饮料,11,-0.005098,0.019569,-0.031394,3,8,0,0.272727,0.727273,0.0,-0.00140145,-0.1401
广交会秋季,T+1,非银行金融,11,0.005077,0.021094,-0.005884,8,3,0,0.727273,0.272727,0.0,0.00139568,0.1396
广交会秋季,T+5,家电,11,0.00451,0.048828,-0.081639,8,3,0,0.727273,0.272727,0.0,0.00123981,0.124
广交会秋季,T+5,电力设备及新能源,11,-0.005117,0.07582,-0.047583,3,8,0,0.272727,0.727273,0.0,-0.00140667,-0.1407
广交会秋季,T+5,石油石化,11,-0.010221,0.02993,-0.058028,3,8,0,0.272727,0.727273,0.0,-0.00280977,-0.281
广交会秋季,T+5,钢铁,11,-0.009107,0.0447,-0.057394,3,8,0,0.272727,0.727273,0.0,-0.00250353,-0.2504
广交会秋季,T-1,煤炭,11,0.006819,0.022948,-0.013163,8,3,0,0.727273,0.272727,0.0,0.00187456,0.1875
广交会秋季,T-1,石油石化,11,0.004076,0.015702,-0.009416,8,3,0,0.727273,0.272727,0.0,0.0011205,0.1121
广交会秋季,T-1,纺织服装,11,0.002928,0.018174,-0.021856,8,3,0,0.727273,0.272727,0.0,0.00080491,0.0805
广交会秋季,T-1,银行,11,0.008446,0.033274,-0.009948,8,3,0,0.727273,0.272727,0.0,0.00232182,0.2322
广交会秋季,T-5,农林牧渔,11,0.017384,0.058566,-0.018133,8,3,0,0.727273,0.272727,0.0,0.0047789,0.4779
广交会秋季,T-5,医药,11,0.013277,0.084941,-0.041319,9,2,0,0.818182,0.181818,0.0,0.00364988,0.365
广交会秋季,T-5,家电,11,0.013035,0.054876,-0.030471,8,3,0,0.727273,0.272727,0.0,0.00358335,0.3583
广交会秋季,T-5,机械,11,0.01006,0.084235,-0.032082,8,3,0,0.727273,0.272727,0.0,0.00276552,0.2766
广交会秋季,T-5,汽车,11,0.012192,0.054009,-0.042995,8,3,0,0.727273,0.272727,0.0,0.00335161,0.3352
服贸会,T,传媒,7,0.003574,0.018732,-0.007336,5,2,0,0.714286,0.285714,0.0,0.0009825,0.0983
服贸会,T,商贸零售,7,0.002336,0.017263,-0.017664,5,2,0,0.714286,0.285714,0.0,0.00064217,0.0642
服贸会,T,房地产,7,0.004368,0.015645,-0.008772,5,2,0,0.714286,0.285714,0.0,0.00120077,0.1201
服贸会,T,有色金属,7,-0.002424,0.03036,-0.03454,2,5,0,0.285714,0.714286,0.0,-0.00066636,-0.0666
服贸会,T,煤炭,7,0.003003,0.051981,-0.023765,2,5,0,0.285714,0.714286,0.0,0.00082553,0.0826
服贸会,T,通信,7,0.002772,0.033109,-0.028798,5,2,0,0.714286,0.285714,0.0,0.00076203,0.0762
服贸会,T,银行,7,0.004399,0.019837,-0.017809,5,2,0,0.714286,0.285714,0.0,0.00120929,0.1209
服贸会,T+1,交通运输,7,-0.00452,0.005763,-0.013619,2,5,0,0.285714,0.714286,0.0,-0.00124256,-0.1243
服贸会,T+1,医药,7,-0.006054,0.007305,-0.032988,2,5,0,0.285714,0.714286,0.0,-0.00166426,-0.1664
服贸会,T+1,基础化工,7,-0.005778,0.014626,-0.027084,2,5,0,0.285714,0.714286,0.0,-0.00158838,-0.1588
服贸会,T+1,建筑,7,-0.003524,0.012382,-0.013609,2,5,0,0.285714,0.714286,0.0,-0.00096876,-0.0969
服贸会,T+1,汽车,7,-0.004819,0.013751,-0.019855,2,5,0,0.285714,0.714286,0.0,-0.00132475,-0.1325
服贸会,T+1,消费者服务,7,-0.008158,0.029225,-0.03412,2,5,0,0.285714,0.714286,0.0,-0.00224265,-0.2243
服贸会,T+1,电力设备及新能源,7,-0.005099,0.023005,-0.026917,2,5,0,0.285714,0.714286,0.0,-0.00140173,-0.1402
服贸会,T+1,钢铁,7,-0.004667,0.011757,-0.025911,2,5,0,0.285714,0.714286,0.0,-0.00128297,-0.1283
服贸会,T+1,非银行金融,7,-0.002079,0.026323,-0.019652,2,5,0,0.285714,0.714286,0.0,-0.00057152,-0.0572
服贸会,T+5,传媒,7,-0.01084,0.05394,-0.046179,2,5,0,0.285714,0.714286,0.0,-0.00297994,-0.298
服贸会,T+5,农林牧渔,7,-0.015453,0.015252,-0.055648,2,5,0,0.285714,0.714286,0.0,-0.00424806,-0.4248
服贸会,T+5,商贸零售,7,-0.00606,0.037166,-0.029346,2,5,0,0.285714,0.714286,0.0,-0.00166591,-0.1666
服贸会,T+5,基础化工,7,-0.001495,0.065978,-0.047347,2,5,0,0.285714,0.714286,0.0,-0.00041098,-0.0411
服贸会,T+5,建材,7,-0.011781,0.029981,-0.049069,2,5,0,0.285714,0.714286,0.0,-0.00323862,-0.3239
服贸会,T+5,汽车,7,0.0118,0.049718,-0.028762,5,2,0,0.714286,0.285714,0.0,0.00324385,0.3244
服贸会,T+5,消费者服务,7,-0.011256,0.028129,-0.034383,1,6,0,0.142857,0.857143,0.0,-0.0030943,-0.3094
服贸会,T+5,煤炭,7,0.03572,0.178911,-0.034826,5,2,0,0.714286,0.285714,0.0,0.0098195,0.982
服贸会,T+5,电力及公用事业,7,0.007374,0.048848,-0.021118,2,5,0,0.285714,0.714286,0.0,0.00202713,0.2027
服贸会,T+5,非银行金融,7,0.000956,0.024459,-0.025853,5,2,0,0.714286,0.285714,0.0,0.00026281,0.0263
服贸会,T+5,食品饮料,7,-0.023956,0.005926,-0.058634,1,6,0,0.142857,0.857143,0.0,-0.00658556,-0.6586
服贸会,T-1,商贸零售,7,0.006249,0.017729,-0.009769,5,2,0,0.714286,0.285714,0.0,0.00171786,0.1718
服贸会,T-1,国防军工,7,-0.009102,0.032513,-0.036336,1,6,0,0.142857,0.857143,0.0,-0.00250216,-0.2502
服贸会,T-1,基础化工,7,-0.005595,0.024568,-0.028915,2,5,0,0.285714,0.714286,0.0,-0.00153808,-0.1538
服贸会,T-1,房地产,7,0.008917,0.031075,-0.011389,5,2,0,0.714286,0.285714,0.0,0.0024513,0.2451
服贸会,T-1,电力及公用事业,7,-0.001875,0.015764,-0.012029,2,5,0,0.285714,0.714286,0.0,-0.00051544,-0.0515
服贸会,T-1,电力设备及新能源,7,-0.010915,0.0275,-0.04022,1,6,0,0.142857,0.857143,0.0,-0.00300056,-0.3001
服贸会,T-1,电子,7,-0.003915,0.040519,-0.025446,1,6,0,0.142857,0.857143,0.0,-0.00107624,-0.1076
服贸会,T-1,石油石化,7,-0.004083,0.013478,-0.018535,2,5,0,0.285714,0.714286,0.0,-0.00112243,-0.1122
服贸会,T-1,综合,7,-0.002911,0.026821,-0.021822,2,5,0,0.285714,0.714286,0.0,-0.00080024,-0.08
服贸会,T-1,银行,7,0.006733,0.024014,-0.004408,6,1,0,0.857143,0.142857,0.0,0.00185092,0.1851
服贸会,T-1,非银行金融,7,0.009352,0.036372,-0.007063,6,1,0,0.857143,0.142857,0.0,0.00257088,0.2571
服贸会,T-5,煤炭,7,0.012756,0.035771,-0.016472,5,2,0,0.714286,0.285714,0.0,0.00350665,0.3507
服贸会,T-5,食品饮料,7,-0.007772,0.027413,-0.035747,2,5,0,0.285714,0.714286,0.0,-0.00213654,-0.2137
美联储FOMC议息会议,T,传媒,32,0.010133,0.059301,-0.033385,23,9,0,0.71875,0.28125,0.0,0.00278558,0.2786
美联储FOMC议息会议,T,汽车,32,0.007446,0.045734,-0.027314,24,8,0,0.75,0.25,0.0,0.00204692,0.2047
美联储FOMC议息会议,T,石油石化,32,0.00497,0.028758,-0.021125,23,9,0,0.71875,0.28125,0.0,0.00136626,0.1366
美联储FOMC议息会议,T,纺织服装,32,0.005493,0.03145,-0.037043,23,9,0,0.71875,0.28125,0.0,0.00151004,0.151
美联储FOMC议息会议,T+1,交通运输,32,-0.004076,0.014682,-0.027756,9,23,0,0.28125,0.71875,0.0,-0.0011205,-0.1121
美联储FOMC议息会议,T+1,纺织服装,32,-0.004169,0.020253,-0.024138,8,24,0,0.25,0.75,0.0,-0.00114607,-0.1146
美联储FOMC议息会议,T+1,非银行金融,32,-0.006412,0.014829,-0.036323,9,23,0,0.28125,0.71875,0.0,-0.00176267,-0.1763
陆家嘴论坛,T,传媒,11,-0.019418,0.014401,-0.095807,2,9,0,0.181818,0.818182,0.0,-0.00533805,-0.5338
陆家嘴论坛,T,农林牧渔,11,-0.014825,0.025324,-0.095521,3,8,0,0.272727,0.727273,0.0,-0.00407542,-0.4075
陆家嘴论坛,T,医药,11,-0.014669,0.019218,-0.093928,3,8,0,0.272727,0.727273,0.0,-0.00403254,-0.4033
陆家嘴论坛,T,商贸零售,11,-0.016895,0.005253,-0.097595,1,10,0,0.090909,0.909091,0.0,-0.00464447,-0.4644
陆家嘴论坛,T,建筑,11,-0.011375,0.022311,-0.08461,2,9,0,0.181818,0.818182,0.0,-0.00312701,-0.3127
陆家嘴论坛,T,房地产,11,-0.014659,0.017784,-0.09158,2,9,0,0.181818,0.818182,0.0,-0.00402979,-0.403
陆家嘴论坛,T,消费者服务,11,-0.013691,0.015712,-0.097825,2,9,0,0.181818,0.818182,0.0,-0.00376369,-0.3764
陆家嘴论坛,T,纺织服装,11,-0.017376,0.002082,-0.093408,1,10,0,0.090909,0.909091,0.0,-0.0047767,-0.4777
陆家嘴论坛,T,轻工制造,11,-0.015305,0.006106,-0.095163,3,8,0,0.272727,0.727273,0.0,-0.00420738,-0.4207
陆家嘴论坛,T+1,商贸零售,11,-0.011695,0.023627,-0.088876,3,8,0,0.272727,0.727273,0.0,-0.00321498,-0.3215
陆家嘴论坛,T+1,国防军工,11,-0.014496,0.012402,-0.086782,3,8,0,0.272727,0.727273,0.0,-0.00398498,-0.3985
陆家嘴论坛,T+1,基础化工,11,-0.011724,0.010457,-0.078096,3,8,0,0.272727,0.727273,0.0,-0.00322295,-0.3223
陆家嘴论坛,T+1,煤炭,11,-0.009591,0.014706,-0.05562,2,9,0,0.181818,0.818182,0.0,-0.00263659,-0.2637
陆家嘴论坛,T+5,国防军工,11,-0.007386,0.045904,-0.202553,8,3,0,0.727273,0.272727,0.0,-0.00203043,-0.203
陆家嘴论坛,T+5,电子,11,0.00454,0.080552,-0.134467,9,2,0,0.818182,0.181818,0.0,0.00124806,0.1248
陆家嘴论坛,T+5,石油石化,11,-0.022013,0.023491,-0.120009,3,8,0,0.272727,0.727273,0.0,-0.00605142,-0.6051
陆家嘴论坛,T+5,通信,11,-0.005763,0.046912,-0.123962,8,3,0,0.727273,0.272727,0.0,-0.00158426,-0.1584
陆家嘴论坛,T-1,房地产,11,-0.003991,0.011318,-0.028723,3,8,0,0.272727,0.727273,0.0,-0.00109713,-0.1097
陆家嘴论坛,T-1,电力设备及新能源,11,-0.008118,0.010614,-0.046975,3,8,0,0.272727,0.727273,0.0,-0.00223166,-0.2232
陆家嘴论坛,T-1,银行,11,-0.003598,0.008347,-0.023678,2,9,0,0.181818,0.818182,0.0,-0.0009891,-0.0989
陆家嘴论坛,T-1,非银行金融,11,-0.006759,0.02413,-0.036323,3,8,0,0.272727,0.727273,0.0,-0.00185806,-0.1858
陆家嘴论坛,T-5,传媒,11,-0.001196,0.027891,-0.067847,8,3,0,0.727273,0.272727,0.0,-0.00032878,-0.0329
陆家嘴论坛,T-5,医药,11,-0.007601,0.011791,-0.043363,3,8,0,0.272727,0.727273,0.0,-0.00208953,-0.209
陆家嘴论坛,T-5,有色金属,11,0.004502,0.030469,-0.036912,8,3,0,0.727273,0.272727,0.0,0.00123761,0.1238
陆家嘴论坛,T-5,钢铁,11,0.004076,0.017675,-0.018321,8,3,0,0.727273,0.272727,0.0,0.0011205,0.1121
高交会,T,医药,11,0.002201,0.016829,-0.023348,8,3,0,0.727273,0.272727,0.0,0.00060506,0.0605
高交会,T,国防军工,11,-0.002731,0.017809,-0.023422,2,9,0,0.181818,0.818182,0.0,-0.00075076,-0.0751
高交会,T+1,农林牧渔,11,-0.00716,0.009504,-0.024375,1,10,0,0.090909,0.909091,0.0,-0.0019683,-0.1968
高交会,T+1,建筑,11,-0.002954,0.014387,-0.013203,3,8,0,0.272727,0.727273,0.0,-0.00081206,-0.0812
高交会,T+1,有色金属,11,-0.005161,0.027507,-0.031508,3,8,0,0.272727,0.727273,0.0,-0.00141877,-0.1419
高交会,T+1,电力设备及新能源,11,-0.008439,0.016436,-0.03064,3,8,0,0.272727,0.727273,0.0,-0.0023199,-0.232
高交会,T+5,房地产,11,0.005101,0.03444,-0.066906,8,3,0,0.727273,0.272727,0.0,0.00140228,0.1402
高交会,T+5,电力设备及新能源,11,-0.017621,0.019038,-0.084465,2,9,0,0.181818,0.818182,0.0,-0.00484405,-0.4844
高交会,T+5,电子,11,-0.014208,0.034768,-0.061368,2,9,0,0.181818,0.818182,0.0,-0.00390581,-0.3906
高交会,T+5,银行,11,0.008413,0.028355,-0.006301,8,3,0,0.727273,0.272727,0.0,0.00231275,0.2313
高交会,T+5,非银行金融,11,-0.010206,0.015979,-0.03258,3,8,0,0.272727,0.727273,0.0,-0.00280565,-0.2806
高交会,T-1,医药,11,0.003722,0.032507,-0.028618,8,3,0,0.727273,0.272727,0.0,0.00102319,0.1023
高交会,T-1,有色金属,11,-0.009602,0.039925,-0.035633,2,9,0,0.181818,0.818182,0.0,-0.00263961,-0.264
高交会,T-1,煤炭,11,-0.010381,0.010513,-0.02757,3,8,0,0.272727,0.727273,0.0,-0.00285376,-0.2854
高交会,T-1,电力及公用事业,11,-0.003207,0.015261,-0.011914,2,9,0,0.181818,0.818182,0.0,-0.00088161,-0.0882
高交会,T-1,电力设备及新能源,11,-0.005879,0.036524,-0.042403,3,8,0,0.272727,0.727273,0.0,-0.00161615,-0.1616
高交会,T-1,石油石化,11,-0.005694,0.010229,-0.020868,3,8,0,0.272727,0.727273,0.0,-0.00156529,-0.1565
高交会,T-1,钢铁,11,-0.008422,0.013983,-0.030398,2,9,0,0.181818,0.818182,0.0,-0.00231523,-0.2315
高交会,T-1,食品饮料,11,0.004198,0.026559,-0.022951,8,3,0,0.727273,0.272727,0.0,0.00115404,0.1154
高交会,T-5,传媒,11,-0.000166,0.031661,-0.026631,3,8,0,0.272727,0.727273,0.0,-4.563e-05,-0.0046
高交会,T-5,电力及公用事业,11,-0.002804,0.015691,-0.021489,3,8,0,0.272727,0.727273,0.0,-0.00077083,-0.0771
高交会,T-5,电力设备及新能源,11,-0.004259,0.020641,-0.043988,3,8,0,0.272727,0.727273,0.0,-0.00117081,-0.1171
高交会,T-5,银行,11,0.002085,0.036114,-0.008452,3,8,0,0.272727,0.727273,0.0,0.00057317,0.0573
高交会,T-5,非银行金融,11,-0.007066,0.009448,-0.013816,1,10,0,0.090909,0.909091,0.0,-0.00194246,-0.1942
